CREATE DATABASE  IF NOT EXISTS `sakila`;
USE `sakila`;
DROP TABLE IF EXISTS `actor`;
CREATE TABLE `actor` (
  `actor_id` smallint unsigned NOT NULL AUTO_INCREMENT,
  `first_name` varchar(45) NOT NULL,
  `last_name` varchar(45) NOT NULL,
  `last_update` timestamp NOT NULL DEFAULT CURRENT_TIMESTAMP ON UPDATE CURRENT_TIMESTAMP,
  PRIMARY KEY (`actor_id`),
  KEY `idx_actor_last_name` (`last_name`)
) ENGINE=InnoDB AUTO_INCREMENT=218 DEFAULT CHARSET=utf8mb3;
LOCK TABLES `actor` WRITE;
INSERT INTO `actor` VALUES (1,'PENELOPE','GUINESS','2006-02-15 04:34:33'),(2,'NICK','WAHLBERG','2006-02-15 04:34:33'),(3,'ED','CHASE','2006-02-15 04:34:33'),(4,'JENNIFER','DAVIS','2006-02-15 04:34:33'),(5,'JOHNNY','LOLLOBRIGIDA','2006-02-15 04:34:33'),(6,'BETTE','NICHOLSON','2006-02-15 04:34:33'),(7,'GRACE','MOSTEL','2006-02-15 04:34:33'),(8,'MATTHEW','JOHANSSON','2006-02-15 04:34:33'),(9,'JOE','SWANK','2006-02-15 04:34:33'),(10,'CHRISTIAN','GABLE','2006-02-15 04:34:33'),(11,'ZERO','CAGE','2006-02-15 04:34:33'),(12,'KARL','BERRY','2006-02-15 04:34:33'),(13,'UMA','WOOD','2006-02-15 04:34:33'),(14,'VIVIEN','BERGEN','2006-02-15 04:34:33'),(15,'CUBA','OLIVIER','2006-02-15 04:34:33'),(16,'FRED','COSTNER','2006-02-15 04:34:33'),(17,'HELEN','VOIGHT','2006-02-15 04:34:33'),(18,'DAN','TORN','2006-02-15 04:34:33'),(19,'BOB','FAWCETT','2006-02-15 04:34:33'),(20,'LUCILLE','TRACY','2006-02-15 04:34:33'),(21,'KIRSTEN','PALTROW','2006-02-15 04:34:33'),(22,'ELVIS','MARX','2006-02-15 04:34:33'),(23,'SANDRA','KILMER','2006-02-15 04:34:33'),(24,'CAMERON','STREEP','2006-02-15 04:34:33'),(25,'KEVIN','BLOOM','2006-02-15 04:34:33'),(26,'RIP','CRAWFORD','2006-02-15 04:34:33'),(27,'JULIA','MCQUEEN','2006-02-15 04:34:33'),(28,'WOODY','HOFFMAN','2006-02-15 04:34:33'),(29,'ALEC','WAYNE','2006-02-15 04:34:33'),(30,'SANDRA','PECK','2006-02-15 04:34:33'),(31,'SISSY','SOBIESKI','2006-02-15 04:34:33'),(32,'TIM','HACKMAN','2006-02-15 04:34:33'),(33,'MILLA','PECK','2006-02-15 04:34:33'),(34,'AUDREY','OLIVIER','2006-02-15 04:34:33'),(35,'JUDY','DEAN','2006-02-15 04:34:33'),(36,'BURT','DUKAKIS','2006-02-15 04:34:33'),(37,'VAL','BOLGER','2006-02-15 04:34:33'),(38,'TOM','MCKELLEN','2006-02-15 04:34:33'),(39,'GOLDIE','BRODY','2006-02-15 04:34:33'),(40,'JOHNNY','CAGE','2006-02-15 04:34:33'),(41,'JODIE','DEGENERES','2006-02-15 04:34:33'),(42,'TOM','MIRANDA','2006-02-15 04:34:33'),(43,'KIRK','JOVOVICH','2006-02-15 04:34:33'),(44,'NICK','STALLONE','2006-02-15 04:34:33'),(45,'REESE','KILMER','2006-02-15 04:34:33'),(46,'PARKER','GOLDBERG','2006-02-15 04:34:33'),(47,'JULIA','BARRYMORE','2006-02-15 04:34:33'),(48,'FRANCES','DAY-LEWIS','2006-02-15 04:34:33'),(49,'ANNE','CRONYN','2006-02-15 04:34:33'),(50,'NATALIE','HOPKINS','2006-02-15 04:34:33'),(51,'GARY','PHOENIX','2006-02-15 04:34:33'),(52,'CARMEN','HUNT','2006-02-15 04:34:33'),(53,'MENA','TEMPLE','2006-02-15 04:34:33'),(54,'PENELOPE','PINKETT','2006-02-15 04:34:33'),(55,'FAY','KILMER','2006-02-15 04:34:33'),(56,'DAN','HARRIS','2006-02-15 04:34:33'),(57,'JUDE','CRUISE','2006-02-15 04:34:33'),(58,'CHRISTIAN','AKROYD','2006-02-15 04:34:33'),(59,'DUSTIN','TAUTOU','2006-02-15 04:34:33'),(60,'HENRY','BERRY','2006-02-15 04:34:33'),(61,'CHRISTIAN','NEESON','2006-02-15 04:34:33'),(62,'JAYNE','NEESON','2006-02-15 04:34:33'),(63,'CAMERON','WRAY','2006-02-15 04:34:33'),(64,'RAY','JOHANSSON','2006-02-15 04:34:33'),(65,'ANGELA','HUDSON','2006-02-15 04:34:33'),(66,'MARY','TANDY','2006-02-15 04:34:33'),(67,'JESSICA','BAILEY','2006-02-15 04:34:33'),(68,'RIP','WINSLET','2006-02-15 04:34:33'),(69,'KENNETH','PALTROW','2006-02-15 04:34:33'),(70,'MICHELLE','MCCONAUGHEY','2006-02-15 04:34:33'),(71,'ADAM','GRANT','2006-02-15 04:34:33'),(72,'SEAN','WILLIAMS','2006-02-15 04:34:33'),(73,'GARY','PENN','2006-02-15 04:34:33'),(74,'MILLA','KEITEL','2006-02-15 04:34:33'),(75,'BURT','POSEY','2006-02-15 04:34:33'),(76,'ANGELINA','ASTAIRE','2006-02-15 04:34:33'),(77,'CARY','MCCONAUGHEY','2006-02-15 04:34:33'),(78,'GROUCHO','SINATRA','2006-02-15 04:34:33'),(79,'MAE','HOFFMAN','2006-02-15 04:34:33'),(80,'RALPH','CRUZ','2006-02-15 04:34:33'),(81,'SCARLETT','DAMON','2006-02-15 04:34:33'),(82,'WOODY','JOLIE','2006-02-15 04:34:33'),(83,'BEN','WILLIS','2006-02-15 04:34:33'),(84,'JAMES','PITT','2006-02-15 04:34:33'),(85,'MINNIE','ZELLWEGER','2006-02-15 04:34:33'),(86,'GREG','CHAPLIN','2006-02-15 04:34:33'),(87,'SPENCER','PECK','2006-02-15 04:34:33'),(88,'KENNETH','PESCI','2006-02-15 04:34:33'),(89,'CHARLIZE','DENCH','2006-02-15 04:34:33'),(90,'SEAN','GUINESS','2006-02-15 04:34:33'),(91,'CHRISTOPHER','BERRY','2006-02-15 04:34:33'),(92,'KIRSTEN','AKROYD','2006-02-15 04:34:33'),(93,'ELLEN','PRESLEY','2006-02-15 04:34:33'),(94,'KENNETH','TORN','2006-02-15 04:34:33'),(95,'DARYL','WAHLBERG','2006-02-15 04:34:33'),(96,'GENE','WILLIS','2006-02-15 04:34:33'),(97,'MEG','HAWKE','2006-02-15 04:34:33'),(98,'CHRIS','BRIDGES','2006-02-15 04:34:33'),(99,'JIM','MOSTEL','2006-02-15 04:34:33'),(100,'SPENCER','DEPP','2006-02-15 04:34:33'),(101,'SUSAN','DAVIS','2006-02-15 04:34:33'),(102,'WALTER','TORN','2006-02-15 04:34:33'),(103,'MATTHEW','LEIGH','2006-02-15 04:34:33'),(104,'PENELOPE','CRONYN','2006-02-15 04:34:33'),(105,'SIDNEY','CROWE','2006-02-15 04:34:33'),(106,'GROUCHO','DUNST','2006-02-15 04:34:33'),(107,'GINA','DEGENERES','2006-02-15 04:34:33'),(108,'WARREN','NOLTE','2006-02-15 04:34:33'),(109,'SYLVESTER','DERN','2006-02-15 04:34:33'),(110,'SUSAN','DAVIS','2006-02-15 04:34:33'),(111,'CAMERON','ZELLWEGER','2006-02-15 04:34:33'),(112,'RUSSELL','BACALL','2006-02-15 04:34:33'),(113,'MORGAN','HOPKINS','2006-02-15 04:34:33'),(114,'MORGAN','MCDORMAND','2006-02-15 04:34:33'),(115,'HARRISON','BALE','2006-02-15 04:34:33'),(116,'DAN','STREEP','2006-02-15 04:34:33'),(117,'RENEE','TRACY','2006-02-15 04:34:33'),(118,'CUBA','ALLEN','2006-02-15 04:34:33'),(119,'WARREN','JACKMAN','2006-02-15 04:34:33'),(120,'PENELOPE','MONROE','2006-02-15 04:34:33'),(121,'LIZA','BERGMAN','2006-02-15 04:34:33'),(122,'SALMA','NOLTE','2006-02-15 04:34:33'),(123,'JULIANNE','DENCH','2006-02-15 04:34:33'),(124,'SCARLETT','BENING','2006-02-15 04:34:33'),(125,'ALBERT','NOLTE','2006-02-15 04:34:33'),(126,'FRANCES','TOMEI','2006-02-15 04:34:33'),(127,'KEVIN','GARLAND','2006-02-15 04:34:33'),(128,'CATE','MCQUEEN','2006-02-15 04:34:33'),(129,'DARYL','CRAWFORD','2006-02-15 04:34:33'),(130,'GRETA','KEITEL','2006-02-15 04:34:33'),(131,'JANE','JACKMAN','2006-02-15 04:34:33'),(132,'ADAM','HOPPER','2006-02-15 04:34:33'),(133,'RICHARD','PENN','2006-02-15 04:34:33'),(134,'GENE','HOPKINS','2006-02-15 04:34:33'),(135,'RITA','REYNOLDS','2006-02-15 04:34:33'),(136,'ED','MANSFIELD','2006-02-15 04:34:33'),(137,'MORGAN','WILLIAMS','2006-02-15 04:34:33'),(138,'LUCILLE','DEE','2006-02-15 04:34:33'),(139,'EWAN','GOODING','2006-02-15 04:34:33'),(140,'WHOOPI','HURT','2006-02-15 04:34:33'),(141,'CATE','HARRIS','2006-02-15 04:34:33'),(142,'JADA','RYDER','2006-02-15 04:34:33'),(143,'RIVER','DEAN','2006-02-15 04:34:33'),(144,'ANGELA','WITHERSPOON','2006-02-15 04:34:33'),(145,'KIM','ALLEN','2006-02-15 04:34:33'),(146,'ALBERT','JOHANSSON','2006-02-15 04:34:33'),(147,'FAY','WINSLET','2006-02-15 04:34:33'),(148,'EMILY','DEE','2006-02-15 04:34:33'),(149,'RUSSELL','TEMPLE','2006-02-15 04:34:33'),(150,'JAYNE','NOLTE','2006-02-15 04:34:33'),(151,'GEOFFREY','HESTON','2006-02-15 04:34:33'),(152,'BEN','HARRIS','2006-02-15 04:34:33'),(153,'MINNIE','KILMER','2006-02-15 04:34:33'),(154,'MERYL','GIBSON','2006-02-15 04:34:33'),(155,'IAN','TANDY','2006-02-15 04:34:33'),(156,'FAY','WOOD','2006-02-15 04:34:33'),(157,'GRETA','MALDEN','2006-02-15 04:34:33'),(158,'VIVIEN','BASINGER','2006-02-15 04:34:33'),(159,'LAURA','BRODY','2006-02-15 04:34:33'),(160,'CHRIS','DEPP','2006-02-15 04:34:33'),(161,'HARVEY','HOPE','2006-02-15 04:34:33'),(162,'OPRAH','KILMER','2006-02-15 04:34:33'),(163,'CHRISTOPHER','WEST','2006-02-15 04:34:33'),(164,'HUMPHREY','WILLIS','2006-02-15 04:34:33'),(165,'AL','GARLAND','2006-02-15 04:34:33'),(166,'NICK','DEGENERES','2006-02-15 04:34:33'),(167,'LAURENCE','BULLOCK','2006-02-15 04:34:33'),(168,'WILL','WILSON','2006-02-15 04:34:33'),(169,'KENNETH','HOFFMAN','2006-02-15 04:34:33'),(170,'MENA','HOPPER','2006-02-15 04:34:33'),(171,'OLYMPIA','PFEIFFER','2006-02-15 04:34:33'),(172,'GROUCHO','WILLIAMS','2006-02-15 04:34:33'),(173,'ALAN','DREYFUSS','2006-02-15 04:34:33'),(174,'MICHAEL','BENING','2006-02-15 04:34:33'),(175,'WILLIAM','HACKMAN','2006-02-15 04:34:33'),(176,'JON','CHASE','2006-02-15 04:34:33'),(177,'GENE','MCKELLEN','2006-02-15 04:34:33'),(178,'LISA','MONROE','2006-02-15 04:34:33'),(179,'ED','GUINESS','2006-02-15 04:34:33'),(180,'JEFF','SILVERSTONE','2006-02-15 04:34:33'),(181,'MATTHEW','CARREY','2006-02-15 04:34:33'),(182,'DEBBIE','AKROYD','2006-02-15 04:34:33'),(183,'RUSSELL','CLOSE','2006-02-15 04:34:33'),(184,'HUMPHREY','GARLAND','2006-02-15 04:34:33'),(185,'MICHAEL','BOLGER','2006-02-15 04:34:33'),(186,'JULIA','ZELLWEGER','2006-02-15 04:34:33'),(187,'RENEE','BALL','2006-02-15 04:34:33'),(188,'ROCK','DUKAKIS','2006-02-15 04:34:33'),(189,'CUBA','BIRCH','2006-02-15 04:34:33'),(190,'AUDREY','BAILEY','2006-02-15 04:34:33'),(191,'GREGORY','GOODING','2006-02-15 04:34:33'),(192,'JOHN','SUVARI','2006-02-15 04:34:33'),(193,'BURT','TEMPLE','2006-02-15 04:34:33'),(194,'MERYL','ALLEN','2006-02-15 04:34:33'),(195,'JAYNE','SILVERSTONE','2006-02-15 04:34:33'),(196,'BELA','WALKEN','2006-02-15 04:34:33'),(197,'REESE','WEST','2006-02-15 04:34:33'),(198,'MARY','KEITEL','2006-02-15 04:34:33'),(199,'JULIA','FAWCETT','2006-02-15 04:34:33'),(200,'THORA','TEMPLE','2006-02-15 04:34:33');
UNLOCK TABLES;
SET @saved_cs_client     = @@character_set_client;
SET character_set_client = @saved_cs_client;
CREATE TABLE `category` (
  `category_id` tinyint unsigned NOT NULL AUTO_INCREMENT,
  `name` varchar(25) NOT NULL,
  `last_update` timestamp NOT NULL DEFAULT CURRENT_TIMESTAMP ON UPDATE CURRENT_TIMESTAMP,
  PRIMARY KEY (`category_id`)
) ENGINE=InnoDB AUTO_INCREMENT=17 DEFAULT CHARSET=utf8mb3;
LOCK TABLES `category` WRITE;
INSERT INTO `category` VALUES (1,'Action','2006-02-15 04:46:27'),(2,'Animation','2006-02-15 04:46:27'),(3,'Children','2006-02-15 04:46:27'),(4,'Classics','2006-02-15 04:46:27'),(5,'Comedy','2006-02-15 04:46:27'),(6,'Documentary','2006-02-15 04:46:27'),(7,'Drama','2006-02-15 04:46:27'),(8,'Family','2006-02-15 04:46:27'),(9,'Foreign','2006-02-15 04:46:27'),(10,'Games','2006-02-15 04:46:27'),(11,'Horror','2006-02-15 04:46:27'),(12,'Music','2006-02-15 04:46:27'),(13,'New','2006-02-15 04:46:27'),(14,'Sci-Fi','2006-02-15 04:46:27'),(15,'Sports','2006-02-15 04:46:27'),(16,'Travel','2006-02-15 04:46:27');
UNLOCK TABLES;
CREATE TABLE `country` (
  `country_id` smallint unsigned NOT NULL AUTO_INCREMENT,
  `country` varchar(50) NOT NULL,
  `last_update` timestamp NOT NULL DEFAULT CURRENT_TIMESTAMP ON UPDATE CURRENT_TIMESTAMP,
  PRIMARY KEY (`country_id`)
) ENGINE=InnoDB AUTO_INCREMENT=110 DEFAULT CHARSET=utf8mb3;
LOCK TABLES `country` WRITE;
INSERT INTO `country` VALUES (1,'Afghanistan','2006-02-15 04:44:00'),(2,'Algeria','2006-02-15 04:44:00'),(3,'American Samoa','2006-02-15 04:44:00'),(4,'Angola','2006-02-15 04:44:00'),(5,'Anguilla','2006-02-15 04:44:00'),(6,'Argentina','2006-02-15 04:44:00'),(7,'Armenia','2006-02-15 04:44:00'),(8,'Australia','2006-02-15 04:44:00'),(9,'Austria','2006-02-15 04:44:00'),(10,'Azerbaijan','2006-02-15 04:44:00'),(11,'Bahrain','2006-02-15 04:44:00'),(12,'Bangladesh','2006-02-15 04:44:00'),(13,'Belarus','2006-02-15 04:44:00'),(14,'Bolivia','2006-02-15 04:44:00'),(15,'Brazil','2006-02-15 04:44:00'),(16,'Brunei','2006-02-15 04:44:00'),(17,'Bulgaria','2006-02-15 04:44:00'),(18,'Cambodia','2006-02-15 04:44:00'),(19,'Cameroon','2006-02-15 04:44:00'),(20,'Canada','2006-02-15 04:44:00'),(21,'Chad','2006-02-15 04:44:00'),(22,'Chile','2006-02-15 04:44:00'),(23,'China','2006-02-15 04:44:00'),(24,'Colombia','2006-02-15 04:44:00'),(25,'Congo, The Democratic Republic of the','2006-02-15 04:44:00'),(26,'Czech Republic','2006-02-15 04:44:00'),(27,'Dominican Republic','2006-02-15 04:44:00'),(28,'Ecuador','2006-02-15 04:44:00'),(29,'Egypt','2006-02-15 04:44:00'),(30,'Estonia','2006-02-15 04:44:00'),(31,'Ethiopia','2006-02-15 04:44:00'),(32,'Faroe Islands','2006-02-15 04:44:00'),(33,'Finland','2006-02-15 04:44:00'),(34,'France','2006-02-15 04:44:00'),(35,'French Guiana','2006-02-15 04:44:00'),(36,'French Polynesia','2006-02-15 04:44:00'),(37,'Gambia','2006-02-15 04:44:00'),(38,'Germany','2006-02-15 04:44:00'),(39,'Greece','2006-02-15 04:44:00'),(40,'Greenland','2006-02-15 04:44:00'),(41,'Holy See (Vatican City State)','2006-02-15 04:44:00'),(42,'Hong Kong','2006-02-15 04:44:00'),(43,'Hungary','2006-02-15 04:44:00'),(44,'India','2006-02-15 04:44:00'),(45,'Indonesia','2006-02-15 04:44:00'),(46,'Iran','2006-02-15 04:44:00'),(47,'Iraq','2006-02-15 04:44:00'),(48,'Israel','2006-02-15 04:44:00'),(49,'Italy','2006-02-15 04:44:00'),(50,'Japan','2006-02-15 04:44:00'),(51,'Kazakstan','2006-02-15 04:44:00'),(52,'Kenya','2006-02-15 04:44:00'),(53,'Kuwait','2006-02-15 04:44:00'),(54,'Latvia','2006-02-15 04:44:00'),(55,'Liechtenstein','2006-02-15 04:44:00'),(56,'Lithuania','2006-02-15 04:44:00'),(57,'Madagascar','2006-02-15 04:44:00'),(58,'Malawi','2006-02-15 04:44:00'),(59,'Malaysia','2006-02-15 04:44:00'),(60,'Mexico','2006-02-15 04:44:00'),(61,'Moldova','2006-02-15 04:44:00'),(62,'Morocco','2006-02-15 04:44:00'),(63,'Mozambique','2006-02-15 04:44:00'),(64,'Myanmar','2006-02-15 04:44:00'),(65,'Nauru','2006-02-15 04:44:00'),(66,'Nepal','2006-02-15 04:44:00'),(67,'Netherlands','2006-02-15 04:44:00'),(68,'New Zealand','2006-02-15 04:44:00'),(69,'Nigeria','2006-02-15 04:44:00'),(70,'North Korea','2006-02-15 04:44:00'),(71,'Oman','2006-02-15 04:44:00'),(72,'Pakistan','2006-02-15 04:44:00'),(73,'Paraguay','2006-02-15 04:44:00'),(74,'Peru','2006-02-15 04:44:00'),(75,'Philippines','2006-02-15 04:44:00'),(76,'Poland','2006-02-15 04:44:00'),(77,'Puerto Rico','2006-02-15 04:44:00'),(78,'Romania','2006-02-15 04:44:00'),(79,'Runion','2006-02-15 04:44:00'),(80,'Russian Federation','2006-02-15 04:44:00'),(81,'Saint Vincent and the Grenadines','2006-02-15 04:44:00'),(82,'Saudi Arabia','2006-02-15 04:44:00'),(83,'Senegal','2006-02-15 04:44:00'),(84,'Slovakia','2006-02-15 04:44:00'),(85,'South Africa','2006-02-15 04:44:00'),(86,'South Korea','2006-02-15 04:44:00'),(87,'Spain','2006-02-15 04:44:00'),(88,'Sri Lanka','2006-02-15 04:44:00'),(89,'Sudan','2006-02-15 04:44:00'),(90,'Sweden','2006-02-15 04:44:00'),(91,'Switzerland','2006-02-15 04:44:00'),(92,'Taiwan','2006-02-15 04:44:00'),(93,'Tanzania','2006-02-15 04:44:00'),(94,'Thailand','2006-02-15 04:44:00'),(95,'Tonga','2006-02-15 04:44:00'),(96,'Tunisia','2006-02-15 04:44:00'),(97,'Turkey','2006-02-15 04:44:00'),(98,'Turkmenistan','2006-02-15 04:44:00'),(99,'Tuvalu','2006-02-15 04:44:00'),(100,'Ukraine','2006-02-15 04:44:00'),(101,'United Arab Emirates','2006-02-15 04:44:00'),(102,'United Kingdom','2006-02-15 04:44:00'),(103,'United States','2006-02-15 04:44:00'),(104,'Venezuela','2006-02-15 04:44:00'),(105,'Vietnam','2006-02-15 04:44:00'),(106,'Virgin Islands, U.S.','2006-02-15 04:44:00'),(107,'Yemen','2006-02-15 04:44:00'),(108,'Yugoslavia','2006-02-15 04:44:00'),(109,'Zambia','2006-02-15 04:44:00');
UNLOCK TABLES;
CREATE TABLE `city` (
  `city_id` smallint unsigned NOT NULL AUTO_INCREMENT,
  `city` varchar(50) NOT NULL,
  `country_id` smallint unsigned NOT NULL,
  `last_update` timestamp NOT NULL DEFAULT CURRENT_TIMESTAMP ON UPDATE CURRENT_TIMESTAMP,
  PRIMARY KEY (`city_id`),
  KEY `idx_fk_country_id` (`country_id`),
  CONSTRAINT `fk_city_country` FOREIGN KEY (`country_id`) REFERENCES `country` (`country_id`) ON DELETE RESTRICT ON UPDATE CASCADE
) ENGINE=InnoDB AUTO_INCREMENT=601 DEFAULT CHARSET=utf8mb3;
LOCK TABLES `city` WRITE;
INSERT INTO `city` VALUES (1,'A Corua (La Corua)',87,'2006-02-15 04:45:25'),(2,'Abha',82,'2006-02-15 04:45:25'),(3,'Abu Dhabi',101,'2006-02-15 04:45:25'),(4,'Acua',60,'2006-02-15 04:45:25'),(5,'Adana',97,'2006-02-15 04:45:25'),(6,'Addis Abeba',31,'2006-02-15 04:45:25'),(7,'Aden',107,'2006-02-15 04:45:25'),(8,'Adoni',44,'2006-02-15 04:45:25'),(9,'Ahmadnagar',44,'2006-02-15 04:45:25'),(10,'Akishima',50,'2006-02-15 04:45:25'),(11,'Akron',103,'2006-02-15 04:45:25'),(12,'al-Ayn',101,'2006-02-15 04:45:25'),(13,'al-Hawiya',82,'2006-02-15 04:45:25'),(14,'al-Manama',11,'2006-02-15 04:45:25'),(15,'al-Qadarif',89,'2006-02-15 04:45:25'),(16,'al-Qatif',82,'2006-02-15 04:45:25'),(17,'Alessandria',49,'2006-02-15 04:45:25'),(18,'Allappuzha (Alleppey)',44,'2006-02-15 04:45:25'),(19,'Allende',60,'2006-02-15 04:45:25'),(20,'Almirante Brown',6,'2006-02-15 04:45:25'),(21,'Alvorada',15,'2006-02-15 04:45:25'),(22,'Ambattur',44,'2006-02-15 04:45:25'),(23,'Amersfoort',67,'2006-02-15 04:45:25'),(24,'Amroha',44,'2006-02-15 04:45:25'),(25,'Angra dos Reis',15,'2006-02-15 04:45:25'),(26,'Anpolis',15,'2006-02-15 04:45:25'),(27,'Antofagasta',22,'2006-02-15 04:45:25'),(28,'Aparecida de Goinia',15,'2006-02-15 04:45:25'),(29,'Apeldoorn',67,'2006-02-15 04:45:25'),(30,'Araatuba',15,'2006-02-15 04:45:25'),(31,'Arak',46,'2006-02-15 04:45:25'),(32,'Arecibo',77,'2006-02-15 04:45:25'),(33,'Arlington',103,'2006-02-15 04:45:25'),(34,'Ashdod',48,'2006-02-15 04:45:25'),(35,'Ashgabat',98,'2006-02-15 04:45:25'),(36,'Ashqelon',48,'2006-02-15 04:45:25'),(37,'Asuncin',73,'2006-02-15 04:45:25'),(38,'Athenai',39,'2006-02-15 04:45:25'),(39,'Atinsk',80,'2006-02-15 04:45:25'),(40,'Atlixco',60,'2006-02-15 04:45:25'),(41,'Augusta-Richmond County',103,'2006-02-15 04:45:25'),(42,'Aurora',103,'2006-02-15 04:45:25'),(43,'Avellaneda',6,'2006-02-15 04:45:25'),(44,'Bag',15,'2006-02-15 04:45:25'),(45,'Baha Blanca',6,'2006-02-15 04:45:25'),(46,'Baicheng',23,'2006-02-15 04:45:25'),(47,'Baiyin',23,'2006-02-15 04:45:25'),(48,'Baku',10,'2006-02-15 04:45:25'),(49,'Balaiha',80,'2006-02-15 04:45:25'),(50,'Balikesir',97,'2006-02-15 04:45:25'),(51,'Balurghat',44,'2006-02-15 04:45:25'),(52,'Bamenda',19,'2006-02-15 04:45:25'),(53,'Bandar Seri Begawan',16,'2006-02-15 04:45:25'),(54,'Banjul',37,'2006-02-15 04:45:25'),(55,'Barcelona',104,'2006-02-15 04:45:25'),(56,'Basel',91,'2006-02-15 04:45:25'),(57,'Bat Yam',48,'2006-02-15 04:45:25'),(58,'Batman',97,'2006-02-15 04:45:25'),(59,'Batna',2,'2006-02-15 04:45:25'),(60,'Battambang',18,'2006-02-15 04:45:25'),(61,'Baybay',75,'2006-02-15 04:45:25'),(62,'Bayugan',75,'2006-02-15 04:45:25'),(63,'Bchar',2,'2006-02-15 04:45:25'),(64,'Beira',63,'2006-02-15 04:45:25'),(65,'Bellevue',103,'2006-02-15 04:45:25'),(66,'Belm',15,'2006-02-15 04:45:25'),(67,'Benguela',4,'2006-02-15 04:45:25'),(68,'Beni-Mellal',62,'2006-02-15 04:45:25'),(69,'Benin City',69,'2006-02-15 04:45:25'),(70,'Bergamo',49,'2006-02-15 04:45:25'),(71,'Berhampore (Baharampur)',44,'2006-02-15 04:45:25'),(72,'Bern',91,'2006-02-15 04:45:25'),(73,'Bhavnagar',44,'2006-02-15 04:45:25'),(74,'Bhilwara',44,'2006-02-15 04:45:25'),(75,'Bhimavaram',44,'2006-02-15 04:45:25'),(76,'Bhopal',44,'2006-02-15 04:45:25'),(77,'Bhusawal',44,'2006-02-15 04:45:25'),(78,'Bijapur',44,'2006-02-15 04:45:25'),(79,'Bilbays',29,'2006-02-15 04:45:25'),(80,'Binzhou',23,'2006-02-15 04:45:25'),(81,'Birgunj',66,'2006-02-15 04:45:25'),(82,'Bislig',75,'2006-02-15 04:45:25'),(83,'Blumenau',15,'2006-02-15 04:45:25'),(84,'Boa Vista',15,'2006-02-15 04:45:25'),(85,'Boksburg',85,'2006-02-15 04:45:25'),(86,'Botosani',78,'2006-02-15 04:45:25'),(87,'Botshabelo',85,'2006-02-15 04:45:25'),(88,'Bradford',102,'2006-02-15 04:45:25'),(89,'Braslia',15,'2006-02-15 04:45:25'),(90,'Bratislava',84,'2006-02-15 04:45:25'),(91,'Brescia',49,'2006-02-15 04:45:25'),(92,'Brest',34,'2006-02-15 04:45:25'),(93,'Brindisi',49,'2006-02-15 04:45:25'),(94,'Brockton',103,'2006-02-15 04:45:25'),(95,'Bucuresti',78,'2006-02-15 04:45:25'),(96,'Buenaventura',24,'2006-02-15 04:45:25'),(97,'Bydgoszcz',76,'2006-02-15 04:45:25'),(98,'Cabuyao',75,'2006-02-15 04:45:25'),(99,'Callao',74,'2006-02-15 04:45:25'),(100,'Cam Ranh',105,'2006-02-15 04:45:25'),(101,'Cape Coral',103,'2006-02-15 04:45:25'),(102,'Caracas',104,'2006-02-15 04:45:25'),(103,'Carmen',60,'2006-02-15 04:45:25'),(104,'Cavite',75,'2006-02-15 04:45:25'),(105,'Cayenne',35,'2006-02-15 04:45:25'),(106,'Celaya',60,'2006-02-15 04:45:25'),(107,'Chandrapur',44,'2006-02-15 04:45:25'),(108,'Changhwa',92,'2006-02-15 04:45:25'),(109,'Changzhou',23,'2006-02-15 04:45:25'),(110,'Chapra',44,'2006-02-15 04:45:25'),(111,'Charlotte Amalie',106,'2006-02-15 04:45:25'),(112,'Chatsworth',85,'2006-02-15 04:45:25'),(113,'Cheju',86,'2006-02-15 04:45:25'),(114,'Chiayi',92,'2006-02-15 04:45:25'),(115,'Chisinau',61,'2006-02-15 04:45:25'),(116,'Chungho',92,'2006-02-15 04:45:25'),(117,'Cianjur',45,'2006-02-15 04:45:25'),(118,'Ciomas',45,'2006-02-15 04:45:25'),(119,'Ciparay',45,'2006-02-15 04:45:25'),(120,'Citrus Heights',103,'2006-02-15 04:45:25'),(121,'Citt del Vaticano',41,'2006-02-15 04:45:25'),(122,'Ciudad del Este',73,'2006-02-15 04:45:25'),(123,'Clarksville',103,'2006-02-15 04:45:25'),(124,'Coacalco de Berriozbal',60,'2006-02-15 04:45:25'),(125,'Coatzacoalcos',60,'2006-02-15 04:45:25'),(126,'Compton',103,'2006-02-15 04:45:25'),(127,'Coquimbo',22,'2006-02-15 04:45:25'),(128,'Crdoba',6,'2006-02-15 04:45:25'),(129,'Cuauhtmoc',60,'2006-02-15 04:45:25'),(130,'Cuautla',60,'2006-02-15 04:45:25'),(131,'Cuernavaca',60,'2006-02-15 04:45:25'),(132,'Cuman',104,'2006-02-15 04:45:25'),(133,'Czestochowa',76,'2006-02-15 04:45:25'),(134,'Dadu',72,'2006-02-15 04:45:25'),(135,'Dallas',103,'2006-02-15 04:45:25'),(136,'Datong',23,'2006-02-15 04:45:25'),(137,'Daugavpils',54,'2006-02-15 04:45:25'),(138,'Davao',75,'2006-02-15 04:45:25'),(139,'Daxian',23,'2006-02-15 04:45:25'),(140,'Dayton',103,'2006-02-15 04:45:25'),(141,'Deba Habe',69,'2006-02-15 04:45:25'),(142,'Denizli',97,'2006-02-15 04:45:25'),(143,'Dhaka',12,'2006-02-15 04:45:25'),(144,'Dhule (Dhulia)',44,'2006-02-15 04:45:25'),(145,'Dongying',23,'2006-02-15 04:45:25'),(146,'Donostia-San Sebastin',87,'2006-02-15 04:45:25'),(147,'Dos Quebradas',24,'2006-02-15 04:45:25'),(148,'Duisburg',38,'2006-02-15 04:45:25'),(149,'Dundee',102,'2006-02-15 04:45:25'),(150,'Dzerzinsk',80,'2006-02-15 04:45:25'),(151,'Ede',67,'2006-02-15 04:45:25'),(152,'Effon-Alaiye',69,'2006-02-15 04:45:25'),(153,'El Alto',14,'2006-02-15 04:45:25'),(154,'El Fuerte',60,'2006-02-15 04:45:25'),(155,'El Monte',103,'2006-02-15 04:45:25'),(156,'Elista',80,'2006-02-15 04:45:25'),(157,'Emeishan',23,'2006-02-15 04:45:25'),(158,'Emmen',67,'2006-02-15 04:45:25'),(159,'Enshi',23,'2006-02-15 04:45:25'),(160,'Erlangen',38,'2006-02-15 04:45:25'),(161,'Escobar',6,'2006-02-15 04:45:25'),(162,'Esfahan',46,'2006-02-15 04:45:25'),(163,'Eskisehir',97,'2006-02-15 04:45:25'),(164,'Etawah',44,'2006-02-15 04:45:25'),(165,'Ezeiza',6,'2006-02-15 04:45:25'),(166,'Ezhou',23,'2006-02-15 04:45:25'),(167,'Faaa',36,'2006-02-15 04:45:25'),(168,'Fengshan',92,'2006-02-15 04:45:25'),(169,'Firozabad',44,'2006-02-15 04:45:25'),(170,'Florencia',24,'2006-02-15 04:45:25'),(171,'Fontana',103,'2006-02-15 04:45:25'),(172,'Fukuyama',50,'2006-02-15 04:45:25'),(173,'Funafuti',99,'2006-02-15 04:45:25'),(174,'Fuyu',23,'2006-02-15 04:45:25'),(175,'Fuzhou',23,'2006-02-15 04:45:25'),(176,'Gandhinagar',44,'2006-02-15 04:45:25'),(177,'Garden Grove',103,'2006-02-15 04:45:25'),(178,'Garland',103,'2006-02-15 04:45:25'),(179,'Gatineau',20,'2006-02-15 04:45:25'),(180,'Gaziantep',97,'2006-02-15 04:45:25'),(181,'Gijn',87,'2006-02-15 04:45:25'),(182,'Gingoog',75,'2006-02-15 04:45:25'),(183,'Goinia',15,'2006-02-15 04:45:25'),(184,'Gorontalo',45,'2006-02-15 04:45:25'),(185,'Grand Prairie',103,'2006-02-15 04:45:25'),(186,'Graz',9,'2006-02-15 04:45:25'),(187,'Greensboro',103,'2006-02-15 04:45:25'),(188,'Guadalajara',60,'2006-02-15 04:45:25'),(189,'Guaruj',15,'2006-02-15 04:45:25'),(190,'guas Lindas de Gois',15,'2006-02-15 04:45:25'),(191,'Gulbarga',44,'2006-02-15 04:45:25'),(192,'Hagonoy',75,'2006-02-15 04:45:25'),(193,'Haining',23,'2006-02-15 04:45:25'),(194,'Haiphong',105,'2006-02-15 04:45:25'),(195,'Haldia',44,'2006-02-15 04:45:25'),(196,'Halifax',20,'2006-02-15 04:45:25'),(197,'Halisahar',44,'2006-02-15 04:45:25'),(198,'Halle/Saale',38,'2006-02-15 04:45:25'),(199,'Hami',23,'2006-02-15 04:45:25'),(200,'Hamilton',68,'2006-02-15 04:45:25'),(201,'Hanoi',105,'2006-02-15 04:45:25'),(202,'Hidalgo',60,'2006-02-15 04:45:25'),(203,'Higashiosaka',50,'2006-02-15 04:45:25'),(204,'Hino',50,'2006-02-15 04:45:25'),(205,'Hiroshima',50,'2006-02-15 04:45:25'),(206,'Hodeida',107,'2006-02-15 04:45:25'),(207,'Hohhot',23,'2006-02-15 04:45:25'),(208,'Hoshiarpur',44,'2006-02-15 04:45:25'),(209,'Hsichuh',92,'2006-02-15 04:45:25'),(210,'Huaian',23,'2006-02-15 04:45:25'),(211,'Hubli-Dharwad',44,'2006-02-15 04:45:25'),(212,'Huejutla de Reyes',60,'2006-02-15 04:45:25'),(213,'Huixquilucan',60,'2006-02-15 04:45:25'),(214,'Hunuco',74,'2006-02-15 04:45:25'),(215,'Ibirit',15,'2006-02-15 04:45:25'),(216,'Idfu',29,'2006-02-15 04:45:25'),(217,'Ife',69,'2006-02-15 04:45:25'),(218,'Ikerre',69,'2006-02-15 04:45:25'),(219,'Iligan',75,'2006-02-15 04:45:25'),(220,'Ilorin',69,'2006-02-15 04:45:25'),(221,'Imus',75,'2006-02-15 04:45:25'),(222,'Inegl',97,'2006-02-15 04:45:25'),(223,'Ipoh',59,'2006-02-15 04:45:25'),(224,'Isesaki',50,'2006-02-15 04:45:25'),(225,'Ivanovo',80,'2006-02-15 04:45:25'),(226,'Iwaki',50,'2006-02-15 04:45:25'),(227,'Iwakuni',50,'2006-02-15 04:45:25'),(228,'Iwatsuki',50,'2006-02-15 04:45:25'),(229,'Izumisano',50,'2006-02-15 04:45:25'),(230,'Jaffna',88,'2006-02-15 04:45:25'),(231,'Jaipur',44,'2006-02-15 04:45:25'),(232,'Jakarta',45,'2006-02-15 04:45:25'),(233,'Jalib al-Shuyukh',53,'2006-02-15 04:45:25'),(234,'Jamalpur',12,'2006-02-15 04:45:25'),(235,'Jaroslavl',80,'2006-02-15 04:45:25'),(236,'Jastrzebie-Zdrj',76,'2006-02-15 04:45:25'),(237,'Jedda',82,'2006-02-15 04:45:25'),(238,'Jelets',80,'2006-02-15 04:45:25'),(239,'Jhansi',44,'2006-02-15 04:45:25'),(240,'Jinchang',23,'2006-02-15 04:45:25'),(241,'Jining',23,'2006-02-15 04:45:25'),(242,'Jinzhou',23,'2006-02-15 04:45:25'),(243,'Jodhpur',44,'2006-02-15 04:45:25'),(244,'Johannesburg',85,'2006-02-15 04:45:25'),(245,'Joliet',103,'2006-02-15 04:45:25'),(246,'Jos Azueta',60,'2006-02-15 04:45:25'),(247,'Juazeiro do Norte',15,'2006-02-15 04:45:25'),(248,'Juiz de Fora',15,'2006-02-15 04:45:25'),(249,'Junan',23,'2006-02-15 04:45:25'),(250,'Jurez',60,'2006-02-15 04:45:25'),(251,'Kabul',1,'2006-02-15 04:45:25'),(252,'Kaduna',69,'2006-02-15 04:45:25'),(253,'Kakamigahara',50,'2006-02-15 04:45:25'),(254,'Kaliningrad',80,'2006-02-15 04:45:25'),(255,'Kalisz',76,'2006-02-15 04:45:25'),(256,'Kamakura',50,'2006-02-15 04:45:25'),(257,'Kamarhati',44,'2006-02-15 04:45:25'),(258,'Kamjanets-Podilskyi',100,'2006-02-15 04:45:25'),(259,'Kamyin',80,'2006-02-15 04:45:25'),(260,'Kanazawa',50,'2006-02-15 04:45:25'),(261,'Kanchrapara',44,'2006-02-15 04:45:25'),(262,'Kansas City',103,'2006-02-15 04:45:25'),(263,'Karnal',44,'2006-02-15 04:45:25'),(264,'Katihar',44,'2006-02-15 04:45:25'),(265,'Kermanshah',46,'2006-02-15 04:45:25'),(266,'Kilis',97,'2006-02-15 04:45:25'),(267,'Kimberley',85,'2006-02-15 04:45:25'),(268,'Kimchon',86,'2006-02-15 04:45:25'),(269,'Kingstown',81,'2006-02-15 04:45:25'),(270,'Kirovo-Tepetsk',80,'2006-02-15 04:45:25'),(271,'Kisumu',52,'2006-02-15 04:45:25'),(272,'Kitwe',109,'2006-02-15 04:45:25'),(273,'Klerksdorp',85,'2006-02-15 04:45:25'),(274,'Kolpino',80,'2006-02-15 04:45:25'),(275,'Konotop',100,'2006-02-15 04:45:25'),(276,'Koriyama',50,'2006-02-15 04:45:25'),(277,'Korla',23,'2006-02-15 04:45:25'),(278,'Korolev',80,'2006-02-15 04:45:25'),(279,'Kowloon and New Kowloon',42,'2006-02-15 04:45:25'),(280,'Kragujevac',108,'2006-02-15 04:45:25'),(281,'Ktahya',97,'2006-02-15 04:45:25'),(282,'Kuching',59,'2006-02-15 04:45:25'),(283,'Kumbakonam',44,'2006-02-15 04:45:25'),(284,'Kurashiki',50,'2006-02-15 04:45:25'),(285,'Kurgan',80,'2006-02-15 04:45:25'),(286,'Kursk',80,'2006-02-15 04:45:25'),(287,'Kuwana',50,'2006-02-15 04:45:25'),(288,'La Paz',60,'2006-02-15 04:45:25'),(289,'La Plata',6,'2006-02-15 04:45:25'),(290,'La Romana',27,'2006-02-15 04:45:25'),(291,'Laiwu',23,'2006-02-15 04:45:25'),(292,'Lancaster',103,'2006-02-15 04:45:25'),(293,'Laohekou',23,'2006-02-15 04:45:25'),(294,'Lapu-Lapu',75,'2006-02-15 04:45:25'),(295,'Laredo',103,'2006-02-15 04:45:25'),(296,'Lausanne',91,'2006-02-15 04:45:25'),(297,'Le Mans',34,'2006-02-15 04:45:25'),(298,'Lengshuijiang',23,'2006-02-15 04:45:25'),(299,'Leshan',23,'2006-02-15 04:45:25'),(300,'Lethbridge',20,'2006-02-15 04:45:25'),(301,'Lhokseumawe',45,'2006-02-15 04:45:25'),(302,'Liaocheng',23,'2006-02-15 04:45:25'),(303,'Liepaja',54,'2006-02-15 04:45:25'),(304,'Lilongwe',58,'2006-02-15 04:45:25'),(305,'Lima',74,'2006-02-15 04:45:25'),(306,'Lincoln',103,'2006-02-15 04:45:25'),(307,'Linz',9,'2006-02-15 04:45:25'),(308,'Lipetsk',80,'2006-02-15 04:45:25'),(309,'Livorno',49,'2006-02-15 04:45:25'),(310,'Ljubertsy',80,'2006-02-15 04:45:25'),(311,'Loja',28,'2006-02-15 04:45:25'),(312,'London',102,'2006-02-15 04:45:25'),(313,'London',20,'2006-02-15 04:45:25'),(314,'Lublin',76,'2006-02-15 04:45:25'),(315,'Lubumbashi',25,'2006-02-15 04:45:25'),(316,'Lungtan',92,'2006-02-15 04:45:25'),(317,'Luzinia',15,'2006-02-15 04:45:25'),(318,'Madiun',45,'2006-02-15 04:45:25'),(319,'Mahajanga',57,'2006-02-15 04:45:25'),(320,'Maikop',80,'2006-02-15 04:45:25'),(321,'Malm',90,'2006-02-15 04:45:25'),(322,'Manchester',103,'2006-02-15 04:45:25'),(323,'Mandaluyong',75,'2006-02-15 04:45:25'),(324,'Mandi Bahauddin',72,'2006-02-15 04:45:25'),(325,'Mannheim',38,'2006-02-15 04:45:25'),(326,'Maracabo',104,'2006-02-15 04:45:25'),(327,'Mardan',72,'2006-02-15 04:45:25'),(328,'Maring',15,'2006-02-15 04:45:25'),(329,'Masqat',71,'2006-02-15 04:45:25'),(330,'Matamoros',60,'2006-02-15 04:45:25'),(331,'Matsue',50,'2006-02-15 04:45:25'),(332,'Meixian',23,'2006-02-15 04:45:25'),(333,'Memphis',103,'2006-02-15 04:45:25'),(334,'Merlo',6,'2006-02-15 04:45:25'),(335,'Mexicali',60,'2006-02-15 04:45:25'),(336,'Miraj',44,'2006-02-15 04:45:25'),(337,'Mit Ghamr',29,'2006-02-15 04:45:25'),(338,'Miyakonojo',50,'2006-02-15 04:45:25'),(339,'Mogiljov',13,'2006-02-15 04:45:25'),(340,'Molodetno',13,'2006-02-15 04:45:25'),(341,'Monclova',60,'2006-02-15 04:45:25'),(342,'Monywa',64,'2006-02-15 04:45:25'),(343,'Moscow',80,'2006-02-15 04:45:25'),(344,'Mosul',47,'2006-02-15 04:45:25'),(345,'Mukateve',100,'2006-02-15 04:45:25'),(346,'Munger (Monghyr)',44,'2006-02-15 04:45:25'),(347,'Mwanza',93,'2006-02-15 04:45:25'),(348,'Mwene-Ditu',25,'2006-02-15 04:45:25'),(349,'Myingyan',64,'2006-02-15 04:45:25'),(350,'Mysore',44,'2006-02-15 04:45:25'),(351,'Naala-Porto',63,'2006-02-15 04:45:25'),(352,'Nabereznyje Telny',80,'2006-02-15 04:45:25'),(353,'Nador',62,'2006-02-15 04:45:25'),(354,'Nagaon',44,'2006-02-15 04:45:25'),(355,'Nagareyama',50,'2006-02-15 04:45:25'),(356,'Najafabad',46,'2006-02-15 04:45:25'),(357,'Naju',86,'2006-02-15 04:45:25'),(358,'Nakhon Sawan',94,'2006-02-15 04:45:25'),(359,'Nam Dinh',105,'2006-02-15 04:45:25'),(360,'Namibe',4,'2006-02-15 04:45:25'),(361,'Nantou',92,'2006-02-15 04:45:25'),(362,'Nanyang',23,'2006-02-15 04:45:25'),(363,'NDjamna',21,'2006-02-15 04:45:25'),(364,'Newcastle',85,'2006-02-15 04:45:25'),(365,'Nezahualcyotl',60,'2006-02-15 04:45:25'),(366,'Nha Trang',105,'2006-02-15 04:45:25'),(367,'Niznekamsk',80,'2006-02-15 04:45:25'),(368,'Novi Sad',108,'2006-02-15 04:45:25'),(369,'Novoterkassk',80,'2006-02-15 04:45:25'),(370,'Nukualofa',95,'2006-02-15 04:45:25'),(371,'Nuuk',40,'2006-02-15 04:45:25'),(372,'Nyeri',52,'2006-02-15 04:45:25'),(373,'Ocumare del Tuy',104,'2006-02-15 04:45:25'),(374,'Ogbomosho',69,'2006-02-15 04:45:25'),(375,'Okara',72,'2006-02-15 04:45:25'),(376,'Okayama',50,'2006-02-15 04:45:25'),(377,'Okinawa',50,'2006-02-15 04:45:25'),(378,'Olomouc',26,'2006-02-15 04:45:25'),(379,'Omdurman',89,'2006-02-15 04:45:25'),(380,'Omiya',50,'2006-02-15 04:45:25'),(381,'Ondo',69,'2006-02-15 04:45:25'),(382,'Onomichi',50,'2006-02-15 04:45:25'),(383,'Oshawa',20,'2006-02-15 04:45:25'),(384,'Osmaniye',97,'2006-02-15 04:45:25'),(385,'ostka',100,'2006-02-15 04:45:25'),(386,'Otsu',50,'2006-02-15 04:45:25'),(387,'Oulu',33,'2006-02-15 04:45:25'),(388,'Ourense (Orense)',87,'2006-02-15 04:45:25'),(389,'Owo',69,'2006-02-15 04:45:25'),(390,'Oyo',69,'2006-02-15 04:45:25'),(391,'Ozamis',75,'2006-02-15 04:45:25'),(392,'Paarl',85,'2006-02-15 04:45:25'),(393,'Pachuca de Soto',60,'2006-02-15 04:45:25'),(394,'Pak Kret',94,'2006-02-15 04:45:25'),(395,'Palghat (Palakkad)',44,'2006-02-15 04:45:25'),(396,'Pangkal Pinang',45,'2006-02-15 04:45:25'),(397,'Papeete',36,'2006-02-15 04:45:25'),(398,'Parbhani',44,'2006-02-15 04:45:25'),(399,'Pathankot',44,'2006-02-15 04:45:25'),(400,'Patiala',44,'2006-02-15 04:45:25'),(401,'Patras',39,'2006-02-15 04:45:25'),(402,'Pavlodar',51,'2006-02-15 04:45:25'),(403,'Pemalang',45,'2006-02-15 04:45:25'),(404,'Peoria',103,'2006-02-15 04:45:25'),(405,'Pereira',24,'2006-02-15 04:45:25'),(406,'Phnom Penh',18,'2006-02-15 04:45:25'),(407,'Pingxiang',23,'2006-02-15 04:45:25'),(408,'Pjatigorsk',80,'2006-02-15 04:45:25'),(409,'Plock',76,'2006-02-15 04:45:25'),(410,'Po',15,'2006-02-15 04:45:25'),(411,'Ponce',77,'2006-02-15 04:45:25'),(412,'Pontianak',45,'2006-02-15 04:45:25'),(413,'Poos de Caldas',15,'2006-02-15 04:45:25'),(414,'Portoviejo',28,'2006-02-15 04:45:25'),(415,'Probolinggo',45,'2006-02-15 04:45:25'),(416,'Pudukkottai',44,'2006-02-15 04:45:25'),(417,'Pune',44,'2006-02-15 04:45:25'),(418,'Purnea (Purnia)',44,'2006-02-15 04:45:25'),(419,'Purwakarta',45,'2006-02-15 04:45:25'),(420,'Pyongyang',70,'2006-02-15 04:45:25'),(421,'Qalyub',29,'2006-02-15 04:45:25'),(422,'Qinhuangdao',23,'2006-02-15 04:45:25'),(423,'Qomsheh',46,'2006-02-15 04:45:25'),(424,'Quilmes',6,'2006-02-15 04:45:25'),(425,'Rae Bareli',44,'2006-02-15 04:45:25'),(426,'Rajkot',44,'2006-02-15 04:45:25'),(427,'Rampur',44,'2006-02-15 04:45:25'),(428,'Rancagua',22,'2006-02-15 04:45:25'),(429,'Ranchi',44,'2006-02-15 04:45:25'),(430,'Richmond Hill',20,'2006-02-15 04:45:25'),(431,'Rio Claro',15,'2006-02-15 04:45:25'),(432,'Rizhao',23,'2006-02-15 04:45:25'),(433,'Roanoke',103,'2006-02-15 04:45:25'),(434,'Robamba',28,'2006-02-15 04:45:25'),(435,'Rockford',103,'2006-02-15 04:45:25'),(436,'Ruse',17,'2006-02-15 04:45:25'),(437,'Rustenburg',85,'2006-02-15 04:45:25'),(438,'s-Hertogenbosch',67,'2006-02-15 04:45:25'),(439,'Saarbrcken',38,'2006-02-15 04:45:25'),(440,'Sagamihara',50,'2006-02-15 04:45:25'),(441,'Saint Louis',103,'2006-02-15 04:45:25'),(442,'Saint-Denis',79,'2006-02-15 04:45:25'),(443,'Sal',62,'2006-02-15 04:45:25'),(444,'Salala',71,'2006-02-15 04:45:25'),(445,'Salamanca',60,'2006-02-15 04:45:25'),(446,'Salinas',103,'2006-02-15 04:45:25'),(447,'Salzburg',9,'2006-02-15 04:45:25'),(448,'Sambhal',44,'2006-02-15 04:45:25'),(449,'San Bernardino',103,'2006-02-15 04:45:25'),(450,'San Felipe de Puerto Plata',27,'2006-02-15 04:45:25'),(451,'San Felipe del Progreso',60,'2006-02-15 04:45:25'),(452,'San Juan Bautista Tuxtepec',60,'2006-02-15 04:45:25'),(453,'San Lorenzo',73,'2006-02-15 04:45:25'),(454,'San Miguel de Tucumn',6,'2006-02-15 04:45:25'),(455,'Sanaa',107,'2006-02-15 04:45:25'),(456,'Santa Brbara dOeste',15,'2006-02-15 04:45:25'),(457,'Santa F',6,'2006-02-15 04:45:25'),(458,'Santa Rosa',75,'2006-02-15 04:45:25'),(459,'Santiago de Compostela',87,'2006-02-15 04:45:25'),(460,'Santiago de los Caballeros',27,'2006-02-15 04:45:25'),(461,'Santo Andr',15,'2006-02-15 04:45:25'),(462,'Sanya',23,'2006-02-15 04:45:25'),(463,'Sasebo',50,'2006-02-15 04:45:25'),(464,'Satna',44,'2006-02-15 04:45:25'),(465,'Sawhaj',29,'2006-02-15 04:45:25'),(466,'Serpuhov',80,'2006-02-15 04:45:25'),(467,'Shahr-e Kord',46,'2006-02-15 04:45:25'),(468,'Shanwei',23,'2006-02-15 04:45:25'),(469,'Shaoguan',23,'2006-02-15 04:45:25'),(470,'Sharja',101,'2006-02-15 04:45:25'),(471,'Shenzhen',23,'2006-02-15 04:45:25'),(472,'Shikarpur',72,'2006-02-15 04:45:25'),(473,'Shimoga',44,'2006-02-15 04:45:25'),(474,'Shimonoseki',50,'2006-02-15 04:45:25'),(475,'Shivapuri',44,'2006-02-15 04:45:25'),(476,'Shubra al-Khayma',29,'2006-02-15 04:45:25'),(477,'Siegen',38,'2006-02-15 04:45:25'),(478,'Siliguri (Shiliguri)',44,'2006-02-15 04:45:25'),(479,'Simferopol',100,'2006-02-15 04:45:25'),(480,'Sincelejo',24,'2006-02-15 04:45:25'),(481,'Sirjan',46,'2006-02-15 04:45:25'),(482,'Sivas',97,'2006-02-15 04:45:25'),(483,'Skikda',2,'2006-02-15 04:45:25'),(484,'Smolensk',80,'2006-02-15 04:45:25'),(485,'So Bernardo do Campo',15,'2006-02-15 04:45:25'),(486,'So Leopoldo',15,'2006-02-15 04:45:25'),(487,'Sogamoso',24,'2006-02-15 04:45:25'),(488,'Sokoto',69,'2006-02-15 04:45:25'),(489,'Songkhla',94,'2006-02-15 04:45:25'),(490,'Sorocaba',15,'2006-02-15 04:45:25'),(491,'Soshanguve',85,'2006-02-15 04:45:25'),(492,'Sousse',96,'2006-02-15 04:45:25'),(493,'South Hill',5,'2006-02-15 04:45:25'),(494,'Southampton',102,'2006-02-15 04:45:25'),(495,'Southend-on-Sea',102,'2006-02-15 04:45:25'),(496,'Southport',102,'2006-02-15 04:45:25'),(497,'Springs',85,'2006-02-15 04:45:25'),(498,'Stara Zagora',17,'2006-02-15 04:45:25'),(499,'Sterling Heights',103,'2006-02-15 04:45:25'),(500,'Stockport',102,'2006-02-15 04:45:25'),(501,'Sucre',14,'2006-02-15 04:45:25'),(502,'Suihua',23,'2006-02-15 04:45:25'),(503,'Sullana',74,'2006-02-15 04:45:25'),(504,'Sultanbeyli',97,'2006-02-15 04:45:25'),(505,'Sumqayit',10,'2006-02-15 04:45:25'),(506,'Sumy',100,'2006-02-15 04:45:25'),(507,'Sungai Petani',59,'2006-02-15 04:45:25'),(508,'Sunnyvale',103,'2006-02-15 04:45:25'),(509,'Surakarta',45,'2006-02-15 04:45:25'),(510,'Syktyvkar',80,'2006-02-15 04:45:25'),(511,'Syrakusa',49,'2006-02-15 04:45:25'),(512,'Szkesfehrvr',43,'2006-02-15 04:45:25'),(513,'Tabora',93,'2006-02-15 04:45:25'),(514,'Tabriz',46,'2006-02-15 04:45:25'),(515,'Tabuk',82,'2006-02-15 04:45:25'),(516,'Tafuna',3,'2006-02-15 04:45:25'),(517,'Taguig',75,'2006-02-15 04:45:25'),(518,'Taizz',107,'2006-02-15 04:45:25'),(519,'Talavera',75,'2006-02-15 04:45:25'),(520,'Tallahassee',103,'2006-02-15 04:45:25'),(521,'Tama',50,'2006-02-15 04:45:25'),(522,'Tambaram',44,'2006-02-15 04:45:25'),(523,'Tanauan',75,'2006-02-15 04:45:25'),(524,'Tandil',6,'2006-02-15 04:45:25'),(525,'Tangail',12,'2006-02-15 04:45:25'),(526,'Tanshui',92,'2006-02-15 04:45:25'),(527,'Tanza',75,'2006-02-15 04:45:25'),(528,'Tarlac',75,'2006-02-15 04:45:25'),(529,'Tarsus',97,'2006-02-15 04:45:25'),(530,'Tartu',30,'2006-02-15 04:45:25'),(531,'Teboksary',80,'2006-02-15 04:45:25'),(532,'Tegal',45,'2006-02-15 04:45:25'),(533,'Tel Aviv-Jaffa',48,'2006-02-15 04:45:25'),(534,'Tete',63,'2006-02-15 04:45:25'),(535,'Tianjin',23,'2006-02-15 04:45:25'),(536,'Tiefa',23,'2006-02-15 04:45:25'),(537,'Tieli',23,'2006-02-15 04:45:25'),(538,'Tokat',97,'2006-02-15 04:45:25'),(539,'Tonghae',86,'2006-02-15 04:45:25'),(540,'Tongliao',23,'2006-02-15 04:45:25'),(541,'Torren',60,'2006-02-15 04:45:25'),(542,'Touliu',92,'2006-02-15 04:45:25'),(543,'Toulon',34,'2006-02-15 04:45:25'),(544,'Toulouse',34,'2006-02-15 04:45:25'),(545,'Trshavn',32,'2006-02-15 04:45:25'),(546,'Tsaotun',92,'2006-02-15 04:45:25'),(547,'Tsuyama',50,'2006-02-15 04:45:25'),(548,'Tuguegarao',75,'2006-02-15 04:45:25'),(549,'Tychy',76,'2006-02-15 04:45:25'),(550,'Udaipur',44,'2006-02-15 04:45:25'),(551,'Udine',49,'2006-02-15 04:45:25'),(552,'Ueda',50,'2006-02-15 04:45:25'),(553,'Uijongbu',86,'2006-02-15 04:45:25'),(554,'Uluberia',44,'2006-02-15 04:45:25'),(555,'Urawa',50,'2006-02-15 04:45:25'),(556,'Uruapan',60,'2006-02-15 04:45:25'),(557,'Usak',97,'2006-02-15 04:45:25'),(558,'Usolje-Sibirskoje',80,'2006-02-15 04:45:25'),(559,'Uttarpara-Kotrung',44,'2006-02-15 04:45:25'),(560,'Vaduz',55,'2006-02-15 04:45:25'),(561,'Valencia',104,'2006-02-15 04:45:25'),(562,'Valle de la Pascua',104,'2006-02-15 04:45:25'),(563,'Valle de Santiago',60,'2006-02-15 04:45:25'),(564,'Valparai',44,'2006-02-15 04:45:25'),(565,'Vancouver',20,'2006-02-15 04:45:25'),(566,'Varanasi (Benares)',44,'2006-02-15 04:45:25'),(567,'Vicente Lpez',6,'2006-02-15 04:45:25'),(568,'Vijayawada',44,'2006-02-15 04:45:25'),(569,'Vila Velha',15,'2006-02-15 04:45:25'),(570,'Vilnius',56,'2006-02-15 04:45:25'),(571,'Vinh',105,'2006-02-15 04:45:25'),(572,'Vitria de Santo Anto',15,'2006-02-15 04:45:25'),(573,'Warren',103,'2006-02-15 04:45:25'),(574,'Weifang',23,'2006-02-15 04:45:25'),(575,'Witten',38,'2006-02-15 04:45:25'),(576,'Woodridge',8,'2006-02-15 04:45:25'),(577,'Wroclaw',76,'2006-02-15 04:45:25'),(578,'Xiangfan',23,'2006-02-15 04:45:25'),(579,'Xiangtan',23,'2006-02-15 04:45:25'),(580,'Xintai',23,'2006-02-15 04:45:25'),(581,'Xinxiang',23,'2006-02-15 04:45:25'),(582,'Yamuna Nagar',44,'2006-02-15 04:45:25'),(583,'Yangor',65,'2006-02-15 04:45:25'),(584,'Yantai',23,'2006-02-15 04:45:25'),(585,'Yaound',19,'2006-02-15 04:45:25'),(586,'Yerevan',7,'2006-02-15 04:45:25'),(587,'Yinchuan',23,'2006-02-15 04:45:25'),(588,'Yingkou',23,'2006-02-15 04:45:25'),(589,'York',102,'2006-02-15 04:45:25'),(590,'Yuncheng',23,'2006-02-15 04:45:25'),(591,'Yuzhou',23,'2006-02-15 04:45:25'),(592,'Zalantun',23,'2006-02-15 04:45:25'),(593,'Zanzibar',93,'2006-02-15 04:45:25'),(594,'Zaoyang',23,'2006-02-15 04:45:25'),(595,'Zapopan',60,'2006-02-15 04:45:25'),(596,'Zaria',69,'2006-02-15 04:45:25'),(597,'Zeleznogorsk',80,'2006-02-15 04:45:25'),(598,'Zhezqazghan',51,'2006-02-15 04:45:25'),(599,'Zhoushan',23,'2006-02-15 04:45:25'),(600,'Ziguinchor',83,'2006-02-15 04:45:25');
UNLOCK TABLES;
CREATE TABLE `address` (
  `address_id` smallint unsigned NOT NULL AUTO_INCREMENT,
  `address` varchar(50) NOT NULL,
  `address2` varchar(50) DEFAULT NULL,
  `district` varchar(20) NOT NULL,
  `city_id` smallint unsigned NOT NULL,
  `postal_code` varchar(10) DEFAULT NULL,
  `phone` varchar(20) NOT NULL,
  `last_update` timestamp NOT NULL DEFAULT CURRENT_TIMESTAMP ON UPDATE CURRENT_TIMESTAMP,
  PRIMARY KEY (`address_id`),
  KEY `idx_fk_city_id` (`city_id`),
  CONSTRAINT `fk_address_city` FOREIGN KEY (`city_id`) REFERENCES `city` (`city_id`) ON DELETE RESTRICT ON UPDATE CASCADE
) ENGINE=InnoDB AUTO_INCREMENT=606 DEFAULT CHARSET=utf8mb3;
LOCK TABLES `address` WRITE;
INSERT INTO `address` VALUES (1,'47 MySakila Drive',NULL,'Alberta',300,'','','2014-09-25 22:30:27'),(2,'28 MySQL Boulevard',NULL,'QLD',576,'','','2014-09-25 22:30:09'),(3,'23 Workhaven Lane',NULL,'Alberta',300,'','14033335568','2014-09-25 22:30:27'),(4,'1411 Lillydale Drive',NULL,'QLD',576,'','6172235589','2014-09-25 22:30:09'),(5,'1913 Hanoi Way','','Nagasaki',463,'35200','28303384290','2014-09-25 22:31:53'),(6,'1121 Loja Avenue','','California',449,'17886','838635286649','2014-09-25 22:34:01'),(7,'692 Joliet Street','','Attika',38,'83579','448477190408','2014-09-25 22:31:07'),(8,'1566 Inegl Manor','','Mandalay',349,'53561','705814003527','2014-09-25 22:32:18'),(9,'53 Idfu Parkway','','Nantou',361,'42399','10655648674','2014-09-25 22:33:16'),(10,'1795 Santiago de Compostela Way','','Texas',295,'18743','860452626434','2014-09-25 22:33:55'),(11,'900 Santiago de Compostela Parkway','','Central Serbia',280,'93896','716571220373','2014-09-25 22:34:11'),(12,'478 Joliet Way','','Hamilton',200,'77948','657282285970','2014-09-25 22:32:22'),(13,'613 Korolev Drive','','Masqat',329,'45844','380657522649','2014-09-25 22:32:29'),(14,'1531 Sal Drive','','Esfahan',162,'53628','648856936185','2014-09-25 22:31:36'),(15,'1542 Tarlac Parkway','','Kanagawa',440,'1027','635297277345','2014-09-25 22:31:53'),(16,'808 Bhopal Manor','','Haryana',582,'10672','465887807014','2014-09-25 22:31:30'),(17,'270 Amroha Parkway','','Osmaniye',384,'29610','695479687538','2014-09-25 22:33:27'),(18,'770 Bydgoszcz Avenue','','California',120,'16266','517338314235','2014-09-25 22:33:47'),(19,'419 Iligan Lane','','Madhya Pradesh',76,'72878','990911107354','2014-09-25 22:31:13'),(20,'360 Toulouse Parkway','','England',495,'54308','949312333307','2014-09-25 22:33:40'),(21,'270 Toulon Boulevard','','Kalmykia',156,'81766','407752414682','2014-09-25 22:32:48'),(22,'320 Brest Avenue','','Kaduna',252,'43331','747791594069','2014-09-25 22:32:25'),(23,'1417 Lancaster Avenue','','Northern Cape',267,'72192','272572357893','2014-09-25 22:33:03'),(24,'1688 Okara Way','','Nothwest Border Prov',327,'21954','144453869132','2014-09-25 22:32:30'),(25,'262 A Corua (La Corua) Parkway','','Dhaka',525,'34418','892775750063','2014-09-25 22:30:12'),(26,'28 Charlotte Amalie Street','','Rabat-Sal-Zammour-Z',443,'37551','161968374323','2014-09-25 22:32:16'),(27,'1780 Hino Boulevard','','Liepaja',303,'7716','902731229323','2014-09-25 22:31:58'),(28,'96 Tafuna Way','','Crdoba',128,'99865','934730187245','2014-09-25 22:30:05'),(29,'934 San Felipe de Puerto Plata Street','','Sind',472,'99780','196495945706','2014-09-25 22:32:31'),(30,'18 Duisburg Boulevard','','',121,'58327','998009777982','2014-09-25 22:31:08'),(31,'217 Botshabelo Place','','Southern Mindanao',138,'49521','665356572025','2014-09-25 22:32:36'),(32,'1425 Shikarpur Manor','','Bihar',346,'65599','678220867005','2014-09-25 22:31:20'),(33,'786 Aurora Avenue','','Yamaguchi',474,'65750','18461860151','2014-09-25 22:31:53'),(34,'1668 Anpolis Street','','Taipei',316,'50199','525255540978','2014-09-25 22:33:15'),(35,'33 Gorontalo Way','','West Bengali',257,'30348','745994947458','2014-09-25 22:31:18'),(36,'176 Mandaluyong Place','','Uttar Pradesh',239,'65213','627705991774','2014-09-25 22:31:17'),(37,'127 Purnea (Purnia) Manor','','Piemonte',17,'79388','911872220378','2014-09-25 22:31:42'),(38,'61 Tama Street','','Okayama',284,'94065','708403338270','2014-09-25 22:31:49'),(39,'391 Callao Drive','','Midi-Pyrnes',544,'34021','440512153169','2014-09-25 22:31:01'),(40,'334 Munger (Monghyr) Lane','','Markazi',31,'38145','481183273622','2014-09-25 22:31:36'),(41,'1440 Fukuyama Loop','','Henan',362,'47929','912257250465','2014-09-25 22:30:40'),(42,'269 Cam Ranh Parkway','','Chisinau',115,'34689','489783829737','2014-09-25 22:32:15'),(43,'306 Antofagasta Place','','Esprito Santo',569,'3989','378318851631','2014-09-25 22:30:23'),(44,'671 Graz Street','','Oriental',353,'94399','680768868518','2014-09-25 22:32:16'),(45,'42 Brindisi Place','','Yerevan',586,'16744','42384721397','2014-09-25 22:30:08'),(46,'1632 Bislig Avenue','','Nonthaburi',394,'61117','471675840679','2014-09-25 22:33:20'),(47,'1447 Imus Way','','Tahiti',167,'48942','539758313890','2014-09-25 22:31:02'),(48,'1998 Halifax Drive','','Lipetsk',308,'76022','177727722820','2014-09-25 22:32:54'),(49,'1718 Valencia Street','','Antofagasta',27,'37359','675292816413','2014-09-25 22:30:29'),(50,'46 Pjatigorsk Lane','','Moscow (City)',343,'23616','262076994845','2014-09-25 22:32:55'),(51,'686 Garland Manor','','Cear',247,'52535','69493378813','2014-09-25 22:30:19'),(52,'909 Garland Manor','','Tatarstan',367,'69367','705800322606','2014-09-25 22:32:55'),(53,'725 Isesaki Place','','Mekka',237,'74428','876295323994','2014-09-25 22:33:00'),(54,'115 Hidalgo Parkway','','Khartum',379,'80168','307703950263','2014-09-25 22:33:11'),(55,'1135 Izumisano Parkway','','California',171,'48150','171822533480','2014-09-25 22:33:50'),(56,'939 Probolinggo Loop','','Galicia',1,'4166','680428310138','2014-09-25 22:33:08'),(57,'17 Kabul Boulevard','','Chiba',355,'38594','697760867968','2014-09-25 22:31:51'),(58,'1964 Allappuzha (Alleppey) Street','','Yamaguchi',227,'48980','920811325222','2014-09-25 22:31:47'),(59,'1697 Kowloon and New Kowloon Loop','','Moskova',49,'57807','499352017190','2014-09-25 22:32:47'),(60,'1668 Saint Louis Place','','Tahiti',397,'39072','347487831378','2014-09-25 22:31:02'),(61,'943 Tokat Street','','Vaduz',560,'45428','889318963672','2014-09-25 22:31:58'),(62,'1114 Liepaja Street','','Sarawak',282,'69226','212869228936','2014-09-25 22:32:00'),(63,'1213 Ranchi Parkway','','Karnataka',350,'94352','800024380485','2014-09-25 22:31:21'),(64,'81 Hodeida Way','','Rajasthan',231,'55561','250767749542','2014-09-25 22:31:17'),(65,'915 Ponce Place','','Basel-Stadt',56,'83980','1395251317','2014-09-25 22:33:12'),(66,'1717 Guadalajara Lane','','Missouri',441,'85505','914090181665','2014-09-25 22:33:59'),(67,'1214 Hanoi Way','','Nebraska',306,'67055','491001136577','2014-09-25 22:33:56'),(68,'1966 Amroha Avenue','','Sichuan',139,'70385','333489324603','2014-09-25 22:30:32'),(69,'698 Otsu Street','','Cayenne',105,'71110','409983924481','2014-09-25 22:31:02'),(70,'1150 Kimchon Manor','','Skne ln',321,'96109','663449333709','2014-09-25 22:33:11'),(71,'1586 Guaruj Place','','Hunan',579,'5135','947233365992','2014-09-25 22:30:46'),(72,'57 Arlington Manor','','Madhya Pradesh',475,'48960','990214419142','2014-09-25 22:31:27'),(73,'1031 Daugavpils Parkway','','Bchar',63,'59025','107137400143','2014-09-25 22:29:59'),(74,'1124 Buenaventura Drive','','Mekka',13,'6856','407733804223','2014-09-25 22:32:59'),(75,'492 Cam Ranh Street','','Eastern Visayas',61,'50805','565018274456','2014-09-25 22:32:34'),(76,'89 Allappuzha (Alleppey) Manor','','National Capital Reg',517,'75444','255800440636','2014-09-25 22:32:39'),(77,'1947 Poos de Caldas Boulevard','','Chiayi',114,'60951','427454485876','2014-09-25 22:33:14'),(78,'1206 Dos Quebradas Place','','So Paulo',431,'20207','241832790687','2014-09-25 22:30:21'),(79,'1551 Rampur Lane','','Changhwa',108,'72394','251164340471','2014-09-25 22:33:14'),(80,'602 Paarl Street','','Pavlodar',402,'98889','896314772871','2014-09-25 22:31:55'),(81,'1692 Ede Loop','','So Paulo',30,'9223','918711376618','2014-09-25 22:30:16'),(82,'936 Salzburg Lane','','Uttar Pradesh',425,'96709','875756771675','2014-09-25 22:31:24'),(83,'586 Tete Way','','Kanagawa',256,'1079','18581624103','2014-09-25 22:31:48'),(84,'1888 Kabul Drive','','Oyo & Osun',217,'20936','701457319790','2014-09-25 22:32:24'),(85,'320 Baiyin Parkway','','Mahajanga',319,'37307','223664661973','2014-09-25 22:31:59'),(86,'927 Baha Blanca Parkway','','Krim',479,'9495','821972242086','2014-09-25 22:33:33'),(87,'929 Tallahassee Loop','','Gauteng',497,'74671','800716535041','2014-09-25 22:33:06'),(88,'125 Citt del Vaticano Boulevard','','Puebla',40,'67912','48417642933','2014-09-25 22:32:02'),(89,'1557 Ktahya Boulevard','','England',88,'88002','720998247660','2014-09-25 22:33:36'),(90,'870 Ashqelon Loop','','Songkhla',489,'84931','135117278909','2014-09-25 22:33:20'),(91,'1740 Portoviejo Avenue','','Sucre',480,'29932','198123170793','2014-09-25 22:30:53'),(92,'1942 Ciparay Parkway','','Cheju',113,'82624','978987363654','2014-09-25 22:33:06'),(93,'1926 El Alto Avenue','','Buenos Aires',289,'75543','846225459260','2014-09-25 22:30:05'),(94,'1952 Chatsworth Drive','','Guangdong',332,'25958','991562402283','2014-09-25 22:30:40'),(95,'1370 Le Mans Avenue','','Brunei and Muara',53,'52163','345679835036','2014-09-25 22:30:23'),(96,'984 Effon-Alaiye Avenue','','Gois',183,'17119','132986892228','2014-09-25 22:30:17'),(97,'832 Nakhon Sawan Manor','','Inner Mongolia',592,'49021','275595571388','2014-09-25 22:30:50'),(98,'152 Kitwe Parkway','','Caraga',82,'53182','835433605312','2014-09-25 22:32:35'),(99,'1697 Tanauan Lane','','Punjab',399,'22870','4764773857','2014-09-25 22:31:22'),(100,'1308 Arecibo Way','','Georgia',41,'30695','6171054059','2014-09-25 22:33:43'),(101,'1599 Plock Drive','','Tete',534,'71986','817248913162','2014-09-25 22:32:18'),(102,'669 Firozabad Loop','','Abu Dhabi',12,'92265','412903167998','2014-09-25 22:33:35'),(103,'588 Vila Velha Manor','','Kyongsangbuk',268,'51540','333339908719','2014-09-25 22:33:07'),(104,'1913 Kamakura Place','','Lipetsk',238,'97287','942570536750','2014-09-25 22:32:49'),(105,'733 Mandaluyong Place','','Asir',2,'77459','196568435814','2014-09-25 22:32:59'),(106,'659 Vaduz Drive','','Ha Darom',34,'49708','709935135487','2014-09-25 22:31:40'),(107,'1177 Jelets Way','','Kwara & Kogi',220,'3305','484292626944','2014-09-25 22:32:24'),(108,'1386 Yangor Avenue','','Provence-Alpes-Cte',543,'80720','449216226468','2014-09-25 22:31:01'),(109,'454 Nakhon Sawan Boulevard','','Funafuti',173,'76383','963887147572','2014-09-25 22:33:31'),(110,'1867 San Juan Bautista Tuxtepec Avenue','','Ivanovo',225,'78311','547003310357','2014-09-25 22:32:48'),(111,'1532 Dzerzinsk Way','','Buenos Aires',334,'9599','330838016880','2014-09-25 22:30:06'),(112,'1002 Ahmadnagar Manor','','Mxico',213,'93026','371490777743','2014-09-25 22:32:07'),(113,'682 Junan Way','','North West',273,'30418','622255216127','2014-09-25 22:33:04'),(114,'804 Elista Drive','','Hubei',159,'61069','379804592943','2014-09-25 22:30:33'),(115,'1378 Alvorada Avenue','','Distrito Federal',102,'75834','272234298332','2014-09-25 22:34:03'),(116,'793 Cam Ranh Avenue','','California',292,'87057','824370924746','2014-09-25 22:33:55'),(117,'1079 Tel Aviv-Jaffa Boulevard','','Sucre',132,'10885','358178933857','2014-09-25 22:34:04'),(118,'442 Rae Bareli Place','','Nordrhein-Westfalen',148,'24321','886636413768','2014-09-25 22:31:04'),(119,'1107 Nakhon Sawan Avenue','','Mxico',365,'75149','867546627903','2014-09-25 22:32:11'),(120,'544 Malm Parkway','','Central Java',403,'63502','386759646229','2014-09-25 22:31:34'),(121,'1967 Sincelejo Place','','Gujarat',176,'73644','577812616052','2014-09-25 22:31:16'),(122,'333 Goinia Way','','Texas',185,'78625','909029256431','2014-09-25 22:33:51'),(123,'1987 Coacalco de Berriozbal Loop','','al-Qalyubiya',476,'96065','787654415858','2014-09-25 22:30:58'),(124,'241 Mosul Lane','','Risaralda',147,'76157','765345144779','2014-09-25 22:30:52'),(125,'211 Chiayi Drive','','Uttar Pradesh',164,'58186','665993880048','2014-09-25 22:31:15'),(126,'1175 Tanauan Way','','Lima',305,'64615','937222955822','2014-09-25 22:32:33'),(127,'117 Boa Vista Way','','Uttar Pradesh',566,'6804','677976133614','2014-09-25 22:31:29'),(128,'848 Tafuna Manor','','Ktahya',281,'45142','614935229095','2014-09-25 22:33:27'),(129,'569 Baicheng Lane','','Gauteng',85,'60304','490211944645','2014-09-25 22:33:02'),(130,'1666 Qomsheh Drive','','So Paulo',410,'66255','582835362905','2014-09-25 22:30:20'),(131,'801 Hagonoy Drive','','Smolensk',484,'8439','237426099212','2014-09-25 22:32:57'),(132,'1050 Garden Grove Avenue','','Slaskie',236,'4999','973047364353','2014-09-25 22:32:42'),(133,'1854 Tieli Street','','Shandong',302,'15819','509492324775','2014-09-25 22:30:39'),(134,'758 Junan Lane','','Gois',190,'82639','935448624185','2014-09-25 22:30:18'),(135,'1752 So Leopoldo Parkway','','Taka-Karpatia',345,'14014','252265130067','2014-09-25 22:33:32'),(136,'898 Belm Manor','','Free State',87,'49757','707169393853','2014-09-25 22:33:02'),(137,'261 Saint Louis Way','','Coahuila de Zaragoza',541,'83401','321944036800','2014-09-25 22:32:13'),(138,'765 Southampton Drive','','al-Qalyubiya',421,'4285','23712411567','2014-09-25 22:30:57'),(139,'943 Johannesburg Avenue','','Maharashtra',417,'5892','90921003005','2014-09-25 22:31:24'),(140,'788 Atinsk Street','','Karnataka',211,'81691','146497509724','2014-09-25 22:31:17'),(141,'1749 Daxian Place','','Gelderland',29,'11044','963369996279','2014-09-25 22:32:20'),(142,'1587 Sullana Lane','','Inner Mongolia',207,'85769','468060467018','2014-09-25 22:30:35'),(143,'1029 Dzerzinsk Manor','','Ynlin',542,'57519','33173584456','2014-09-25 22:33:16'),(144,'1666 Beni-Mellal Place','','Tennessee',123,'13377','9099941466','2014-09-25 22:33:48'),(145,'928 Jaffna Loop','','Hiroshima',172,'93762','581852137991','2014-09-25 22:31:45'),(146,'483 Ljubertsy Parkway','','Scotland',149,'60562','581174211853','2014-09-25 22:33:36'),(147,'374 Bat Yam Boulevard','','Kilis',266,'97700','923261616249','2014-09-25 22:33:26'),(148,'1027 Songkhla Manor','','Minsk',340,'30861','563660187896','2014-09-25 22:30:13'),(149,'999 Sanaa Loop','','Gauteng',491,'3439','918032330119','2014-09-25 22:33:05'),(150,'879 Newcastle Way','','Michigan',499,'90732','206841104594','2014-09-25 22:34:01'),(151,'1337 Lincoln Parkway','','Saitama',555,'99457','597815221267','2014-09-25 22:31:55'),(152,'1952 Pune Lane','','Saint-Denis',442,'92150','354615066969','2014-09-25 22:32:46'),(153,'782 Mosul Street','','Massachusetts',94,'25545','885899703621','2014-09-25 22:33:46'),(154,'781 Shimonoseki Drive','','Michoacn de Ocampo',202,'95444','632316273199','2014-09-25 22:32:06'),(155,'1560 Jelets Boulevard','','Shandong',291,'77777','189446090264','2014-09-25 22:30:38'),(156,'1963 Moscow Place','','Assam',354,'64863','761379480249','2014-09-25 22:31:21'),(157,'456 Escobar Way','','Jakarta Raya',232,'36061','719202533520','2014-09-25 22:31:33'),(158,'798 Cianjur Avenue','','Shanxi',590,'76990','499408708580','2014-09-25 22:30:49'),(159,'185 Novi Sad Place','','Bern',72,'41778','904253967161','2014-09-25 22:33:13'),(160,'1367 Yantai Manor','','Ondo & Ekiti',381,'21294','889538496300','2014-09-25 22:32:26'),(161,'1386 Nakhon Sawan Boulevard','','Pyongyang-si',420,'53502','368899174225','2014-09-25 22:32:28'),(162,'369 Papeete Way','','North Carolina',187,'66639','170117068815','2014-09-25 22:33:52'),(163,'1440 Compton Place','','North Austria',307,'81037','931059836497','2014-09-25 22:30:10'),(164,'1623 Baha Blanca Manor','','Moskova',310,'81511','149981248346','2014-09-25 22:32:54'),(165,'97 Shimoga Avenue','','Tel Aviv',533,'44660','177167004331','2014-09-25 22:31:41'),(166,'1740 Le Mans Loop','','Pays de la Loire',297,'22853','168476538960','2014-09-25 22:31:01'),(167,'1287 Xiangfan Boulevard','','Gifu',253,'57844','819416131190','2014-09-25 22:31:48'),(168,'842 Salzburg Lane','','Adana',529,'3313','697151428760','2014-09-25 22:33:29'),(169,'154 Tallahassee Loop','','Xinxiang',199,'62250','935508855935','2014-09-25 22:30:34'),(170,'710 San Felipe del Progreso Avenue','','Lilongwe',304,'76901','843801144113','2014-09-25 22:31:59'),(171,'1540 Wroclaw Drive','','Maharashtra',107,'62686','182363341674','2014-09-25 22:31:14'),(172,'475 Atinsk Way','','Gansu',240,'59571','201705577290','2014-09-25 22:30:36'),(173,'1294 Firozabad Drive','','Jiangxi',407,'70618','161801569569','2014-09-25 22:30:40'),(174,'1877 Ezhou Lane','','Rajasthan',550,'63337','264541743403','2014-09-25 22:31:28'),(175,'316 Uruapan Street','','Perak',223,'58194','275788967899','2014-09-25 22:31:59'),(176,'29 Pyongyang Loop','','Batman',58,'47753','734780743462','2014-09-25 22:33:23'),(177,'1010 Klerksdorp Way','','Steiermark',186,'6802','493008546874','2014-09-25 22:30:10'),(178,'1848 Salala Boulevard','','Miranda',373,'25220','48265851133','2014-09-25 22:34:04'),(179,'431 Xiangtan Avenue','','Kerala',18,'4854','230250973122','2014-09-25 22:31:10'),(180,'757 Rustenburg Avenue','','Skikda',483,'89668','506134035434','2014-09-25 22:30:01'),(181,'146 Johannesburg Way','','Tamaulipas',330,'54132','953689007081','2014-09-25 22:32:09'),(182,'1891 Rizhao Boulevard','','So Paulo',456,'47288','391065549876','2014-09-25 22:30:21'),(183,'1089 Iwatsuki Avenue','','Kirov',270,'35109','866092335135','2014-09-25 22:32:50'),(184,'1410 Benin City Parkway','','Risaralda',405,'29747','104150372603','2014-09-25 22:30:52'),(185,'682 Garden Grove Place','','Tennessee',333,'67497','72136330362','2014-09-25 22:33:57'),(186,'533 al-Ayn Boulevard','','California',126,'8862','662227486184','2014-09-25 22:33:48'),(187,'1839 Szkesfehrvr Parkway','','Gois',317,'55709','947468818183','2014-09-25 22:30:20'),(188,'741 Ambattur Manor','','Noord-Brabant',438,'43310','302590383819','2014-09-25 22:32:21'),(189,'927 Barcelona Street','','Chaharmahal va Bakht',467,'65121','951486492670','2014-09-25 22:31:38'),(190,'435 0 Way','','West Bengali',195,'74750','760171523969','2014-09-25 22:31:16'),(191,'140 Chiayi Parkway','','Sumy',506,'38982','855863906434','2014-09-25 22:33:34'),(192,'1166 Changhwa Street','','Caraga',62,'58852','650752094490','2014-09-25 22:32:34'),(193,'891 Novi Sad Manor','','Ontario',383,'5379','247646995453','2014-09-25 22:30:28'),(194,'605 Rio Claro Parkway','','Tabora',513,'49348','352469351088','2014-09-25 22:33:18'),(195,'1077 San Felipe de Puerto Plata Place','','Rostov-na-Donu',369,'65387','812824036424','2014-09-25 22:32:56'),(196,'9 San Miguel de Tucumn Manor','','Uttar Pradesh',169,'90845','956188728558','2014-09-25 22:31:15'),(197,'447 Surakarta Loop','','Nyanza',271,'10428','940830176580','2014-09-25 22:31:56'),(198,'345 Oshawa Boulevard','','Tokyo-to',204,'32114','104491201771','2014-09-25 22:31:45'),(199,'1792 Valle de la Pascua Place','','Nordrhein-Westfalen',477,'15540','419419591240','2014-09-25 22:31:06'),(200,'1074 Binzhou Manor','','Baden-Wrttemberg',325,'36490','331132568928','2014-09-25 22:31:05'),(201,'817 Bradford Loop','','Jiangsu',109,'89459','264286442804','2014-09-25 22:30:31'),(202,'955 Bamenda Way','','Ondo & Ekiti',218,'1545','768481779568','2014-09-25 22:32:24'),(203,'1149 A Corua (La Corua) Boulevard','','Haiphong',194,'95824','470884141195','2014-09-25 22:34:06'),(204,'387 Mwene-Ditu Drive','','Ahal',35,'8073','764477681869','2014-09-25 22:33:30'),(205,'68 Molodetno Manor','','Nordrhein-Westfalen',575,'4662','146640639760','2014-09-25 22:31:06'),(206,'642 Nador Drive','','Maharashtra',77,'3924','369050085652','2014-09-25 22:31:13'),(207,'1688 Nador Lane','','Sulawesi Utara',184,'61613','652218196731','2014-09-25 22:31:32'),(208,'1215 Pyongyang Parkway','','Usak',557,'25238','646237101779','2014-09-25 22:33:30'),(209,'1679 Antofagasta Street','','Alto Paran',122,'86599','905903574913','2014-09-25 22:32:32'),(210,'1304 s-Hertogenbosch Way','','Santa Catarina',83,'10925','90336226227','2014-09-25 22:30:16'),(211,'850 Salala Loop','','Kitaa',371,'10800','403404780639','2014-09-25 22:31:07'),(212,'624 Oshawa Boulevard','','West Bengali',51,'89959','49677664184','2014-09-25 22:31:11'),(213,'43 Dadu Avenue','','Rajasthan',74,'4855','95666951770','2014-09-25 22:31:12'),(214,'751 Lima Loop','','Aden',7,'99405','756460337785','2014-09-25 22:34:08'),(215,'1333 Haldia Street','','Jilin',174,'82161','408304391718','2014-09-25 22:30:33'),(216,'660 Jedda Boulevard','','Washington',65,'25053','168758068397','2014-09-25 22:33:45'),(217,'1001 Miyakonojo Lane','','Taizz',518,'67924','584316724815','2014-09-25 22:34:11'),(218,'226 Brest Manor','','California',508,'2299','785881412500','2014-09-25 22:34:02'),(219,'1229 Valencia Parkway','','Haskovo',498,'99124','352679173732','2014-09-25 22:30:24'),(220,'1201 Qomsheh Manor','','Gois',28,'21464','873492228462','2014-09-25 22:30:15'),(221,'866 Shivapuri Manor','','Uttar Pradesh',448,'22474','778502731092','2014-09-25 22:31:26'),(222,'1168 Najafabad Parkway','','Kabol',251,'40301','886649065861','2014-09-25 22:29:59'),(223,'1244 Allappuzha (Alleppey) Place','','Buenos Aires',567,'20657','991802825778','2014-09-25 22:30:08'),(224,'1842 Luzinia Boulevard','','Zanzibar West',593,'94420','706878974831','2014-09-25 22:33:19'),(225,'1926 Gingoog Street','','Sisilia',511,'22824','469738825391','2014-09-25 22:31:44'),(226,'810 Palghat (Palakkad) Boulevard','','Jaroslavl',235,'73431','516331171356','2014-09-25 22:32:49'),(227,'1820 Maring Parkway','','Punjab',324,'88307','99760893676','2014-09-25 22:32:30'),(228,'60 Poos de Caldas Street','','Rajasthan',243,'82338','963063788669','2014-09-25 22:31:18'),(229,'1014 Loja Manor','','Tamil Nadu',22,'66851','460795526514','2014-09-25 22:31:10'),(230,'201 Effon-Alaiye Way','','Asuncin',37,'64344','684192903087','2014-09-25 22:32:31'),(231,'430 Alessandria Loop','','Saarland',439,'47446','669828224459','2014-09-25 22:31:06'),(232,'754 Valencia Place','','Phnom Penh',406,'87911','594319417514','2014-09-25 22:30:25'),(233,'356 Olomouc Manor','','Gois',26,'93323','22326410776','2014-09-25 22:30:15'),(234,'1256 Bislig Boulevard','','Botosani',86,'50598','479007229460','2014-09-25 22:32:46'),(235,'954 Kimchon Place','','West Bengali',559,'42420','541327526474','2014-09-25 22:31:28'),(236,'885 Yingkou Manor','','Kaduna',596,'31390','588964509072','2014-09-25 22:32:28'),(237,'1736 Cavite Place','','Qina',216,'98775','431770603551','2014-09-25 22:30:56'),(238,'346 Skikda Parkway','','Hawalli',233,'90628','630424482919','2014-09-25 22:31:57'),(239,'98 Stara Zagora Boulevard','','Valle',96,'76448','610173756082','2014-09-25 22:30:51'),(240,'1479 Rustenburg Boulevard','','Southern Tagalog',527,'18727','727785483194','2014-09-25 22:32:40'),(241,'647 A Corua (La Corua) Street','','Chollanam',357,'36971','792557457753','2014-09-25 22:33:07'),(242,'1964 Gijn Manor','','Karnataka',473,'14408','918119601885','2014-09-25 22:31:26'),(243,'47 Syktyvkar Lane','','West Java',118,'22236','63937119031','2014-09-25 22:31:31'),(244,'1148 Saarbrcken Parkway','','Fukushima',226,'1921','137773001988','2014-09-25 22:31:47'),(245,'1103 Bilbays Parkway','','Hubei',578,'87660','279979529227','2014-09-25 22:30:45'),(246,'1246 Boksburg Parkway','','Hebei',422,'28349','890283544295','2014-09-25 22:30:41'),(247,'1483 Pathankot Street','','Tucumn',454,'37288','686015532180','2014-09-25 22:30:06'),(248,'582 Papeete Loop','','Central Visayas',294,'27722','569868543137','2014-09-25 22:32:38'),(249,'300 Junan Street','','Kyonggi',553,'81314','890289150158','2014-09-25 22:33:08'),(250,'829 Grand Prairie Way','','Paran',328,'6461','741070712873','2014-09-25 22:30:20'),(251,'1473 Changhwa Parkway','','Mxico',124,'75933','266798132374','2014-09-25 22:32:03'),(252,'1309 Weifang Street','','Florida',520,'57338','435785045362','2014-09-25 22:34:02'),(253,'1760 Oshawa Manor','','Tianjin',535,'38140','56257502250','2014-09-25 22:30:43'),(254,'786 Stara Zagora Way','','Oyo & Osun',390,'98332','716256596301','2014-09-25 22:32:27'),(255,'1966 Tonghae Street','','Anhalt Sachsen',198,'36481','567359279425','2014-09-25 22:31:05'),(256,'1497 Yuzhou Drive','','England',312,'3433','246810237916','2014-09-25 22:33:37'),(258,'752 Ondo Loop','','Miyazaki',338,'32474','134673576619','2014-09-25 22:31:50'),(259,'1338 Zalantun Lane','','Minas Gerais',413,'45403','840522972766','2014-09-25 22:30:21'),(260,'127 Iwakuni Boulevard','','Central Luzon',192,'20777','987442542471','2014-09-25 22:32:37'),(261,'51 Laredo Avenue','','Sagaing',342,'68146','884536620568','2014-09-25 22:32:18'),(262,'771 Yaound Manor','','Sofala',64,'86768','245477603573','2014-09-25 22:32:17'),(263,'532 Toulon Street','','Santiago',460,'69517','46871694740','2014-09-25 22:30:55'),(264,'1027 Banjul Place','','West Bengali',197,'50390','538241037443','2014-09-25 22:31:16'),(265,'1158 Mandi Bahauddin Parkway','','Shanxi',136,'98484','276555730211','2014-09-25 22:30:32'),(266,'862 Xintai Lane','','Cagayan Valley',548,'30065','265153400632','2014-09-25 22:32:41'),(267,'816 Cayenne Parkway','','Manab',414,'93629','282874611748','2014-09-25 22:30:56'),(268,'1831 Nam Dinh Loop','','National Capital Reg',323,'51990','322888976727','2014-09-25 22:32:38'),(269,'446 Kirovo-Tepetsk Lane','','Osaka',203,'19428','303967439816','2014-09-25 22:31:45'),(270,'682 Halisahar Place','','Severn Morava',378,'20536','475553436330','2014-09-25 22:30:54'),(271,'1587 Loja Manor','','Salzburg',447,'5410','621625204422','2014-09-25 22:30:10'),(272,'1762 Paarl Parkway','','Hunan',298,'53928','192459639410','2014-09-25 22:30:39'),(273,'1519 Ilorin Place','','Kerala',395,'49298','357445645426','2014-09-25 22:31:21'),(274,'920 Kumbakonam Loop','','California',446,'75090','685010736240','2014-09-25 22:34:00'),(275,'906 Goinia Way','','Wielkopolskie',255,'83565','701767622697','2014-09-25 22:32:42'),(276,'1675 Xiangfan Manor','','Tamil Nadu',283,'11763','271149517630','2014-09-25 22:31:20'),(277,'85 San Felipe de Puerto Plata Drive','','Shandong',584,'46063','170739645687','2014-09-25 22:30:48'),(278,'144 South Hill Loop','','Guanajuato',445,'2012','45387294817','2014-09-25 22:32:11'),(279,'1884 Shikarpur Avenue','','Haryana',263,'85548','959949395183','2014-09-25 22:31:19'),(280,'1980 Kamjanets-Podilskyi Street','','Illinois',404,'89502','874337098891','2014-09-25 22:33:57'),(281,'1944 Bamenda Way','','Michigan',573,'24645','75975221996','2014-09-25 22:34:03'),(282,'556 Baybay Manor','','Oyo & Osun',374,'55802','363982224739','2014-09-25 22:32:25'),(283,'457 Tongliao Loop','','Bursa',222,'56254','880756161823','2014-09-25 22:33:25'),(284,'600 Bradford Street','','East Azerbaidzan',514,'96204','117592274996','2014-09-25 22:31:40'),(285,'1006 Santa Brbara dOeste Manor','','Ondo & Ekiti',389,'36229','85059738746','2014-09-25 22:32:26'),(286,'1308 Sumy Loop','','Fujian',175,'30657','583021225407','2014-09-25 22:30:34'),(287,'1405 Chisinau Place','','Ponce',411,'8160','62781725285','2014-09-25 22:32:45'),(288,'226 Halifax Street','','Xinxiang',277,'58492','790651020929','2014-09-25 22:30:38'),(289,'1279 Udine Parkway','','Edo & Delta',69,'75860','195003555232','2014-09-25 22:32:23'),(290,'1336 Benin City Drive','','Shiga',386,'46044','341242939532','2014-09-25 22:31:53'),(291,'1155 Liaocheng Place','','Oyo & Osun',152,'22650','558236142492','2014-09-25 22:32:23'),(292,'1993 Tabuk Lane','','Tamil Nadu',522,'64221','648482415405','2014-09-25 22:31:27'),(293,'86 Higashiosaka Lane','','Guanajuato',563,'33768','957128697225','2014-09-25 22:32:14'),(294,'1912 Allende Manor','','Kowloon and New Kowl',279,'58124','172262454487','2014-09-25 22:31:09'),(295,'544 Tarsus Boulevard','','Gurico',562,'53145','892523334','2014-09-25 22:34:05'),(296,'1936 Cuman Avenue','','Virginia',433,'61195','976798660411','2014-09-25 22:33:58'),(297,'1192 Tongliao Street','','Sharja',470,'19065','350970907017','2014-09-25 22:33:35'),(298,'44 Najafabad Way','','Baskimaa',146,'61391','96604821070','2014-09-25 22:33:08'),(299,'32 Pudukkottai Lane','','Ohio',140,'38834','967274728547','2014-09-25 22:33:49'),(300,'661 Chisinau Lane','','Pietari',274,'8856','816436065431','2014-09-25 22:32:51'),(301,'951 Stara Zagora Manor','','Punjab',400,'98573','429925609431','2014-09-25 22:31:22'),(302,'922 Vila Velha Loop','','Maharashtra',9,'4085','510737228015','2014-09-25 22:31:10'),(303,'898 Jining Lane','','Pohjois-Pohjanmaa',387,'40070','161643343536','2014-09-25 22:31:00'),(304,'1635 Kuwana Boulevard','','Hiroshima',205,'52137','710603868323','2014-09-25 22:31:46'),(305,'41 El Alto Parkway','','Maharashtra',398,'56883','51917807050','2014-09-25 22:31:22'),(306,'1883 Maikop Lane','','Kaliningrad',254,'68469','96110042435','2014-09-25 22:32:50'),(307,'1908 Gaziantep Place','','Liaoning',536,'58979','108053751300','2014-09-25 22:30:43'),(308,'687 Alessandria Parkway','','Sanaa',455,'57587','407218522294','2014-09-25 22:34:10'),(309,'827 Yuncheng Drive','','Callao',99,'79047','504434452842','2014-09-25 22:32:32'),(310,'913 Coacalco de Berriozbal Loop','','Texas',33,'42141','262088367001','2014-09-25 22:33:43'),(311,'715 So Bernardo do Campo Lane','','Kedah',507,'84804','181179321332','2014-09-25 22:32:00'),(312,'1354 Siegen Street','','Rio de Janeiro',25,'80184','573441801529','2014-09-25 22:30:15'),(313,'1191 Sungai Petani Boulevard','','Missouri',262,'9668','983259819766','2014-09-25 22:33:54'),(314,'1224 Huejutla de Reyes Boulevard','','Lombardia',91,'70923','806016930576','2014-09-25 22:31:43'),(315,'543 Bergamo Avenue','','Minas Gerais',215,'59686','103602195112','2014-09-25 22:30:18'),(316,'746 Joliet Lane','','Kursk',286,'94878','688485191923','2014-09-25 22:32:52'),(317,'780 Kimberley Way','','Tabuk',515,'17032','824396883951','2014-09-25 22:33:00'),(318,'1774 Yaound Place','','Hubei',166,'91400','613124286867','2014-09-25 22:30:33'),(319,'1957 Yantai Lane','','So Paulo',490,'59255','704948322302','2014-09-25 22:30:22'),(320,'1542 Lubumbashi Boulevard','','Tel Aviv',57,'62472','508800331065','2014-09-25 22:31:41'),(321,'651 Pathankot Loop','','Maharashtra',336,'59811','139378397418','2014-09-25 22:31:20'),(322,'1359 Zhoushan Parkway','','Streymoyar',545,'29763','46568045367','2014-09-25 22:30:59'),(323,'1769 Iwaki Lane','','Kujawsko-Pomorskie',97,'25787','556100547674','2014-09-25 22:32:41'),(324,'1145 Vilnius Manor','','Mxico',451,'73170','674805712553','2014-09-25 22:32:12'),(325,'1892 Nabereznyje Telny Lane','','Tutuila',516,'28396','478229987054','2014-09-25 22:30:02'),(326,'470 Boksburg Street','','Central',81,'97960','908029859266','2014-09-25 22:32:19'),(327,'1427 A Corua (La Corua) Place','','Buenos Aires',45,'85799','972574862516','2014-09-25 22:30:04'),(328,'479 San Felipe del Progreso Avenue','','Morelos',130,'54949','869051782691','2014-09-25 22:32:04'),(329,'867 Benin City Avenue','','Henan',591,'78543','168884817145','2014-09-25 22:30:50'),(330,'981 Kumbakonam Place','','Distrito Federal',89,'87611','829116184079','2014-09-25 22:30:17'),(331,'1016 Iwakuni Street','','St George',269,'49833','961370847344','2014-09-25 22:32:59'),(332,'663 Baha Blanca Parkway','','Adana',5,'33463','834418779292','2014-09-25 22:33:22'),(333,'1860 Taguig Loop','','West Java',119,'59550','38158430589','2014-09-25 22:31:32'),(334,'1816 Bydgoszcz Loop','','Dhaka',234,'64308','965273813662','2014-09-25 22:30:12'),(335,'587 Benguela Manor','','Illinois',42,'91590','165450987037','2014-09-25 22:33:44'),(336,'430 Kumbakonam Drive','','Santa F',457,'28814','105470691550','2014-09-25 22:30:07'),(337,'1838 Tabriz Lane','','Dhaka',143,'1195','38988715447','2014-09-25 22:30:12'),(338,'431 Szkesfehrvr Avenue','','Baki',48,'57828','119501405123','2014-09-25 22:30:11'),(339,'503 Sogamoso Loop','','Sumqayit',505,'49812','834626715837','2014-09-25 22:30:11'),(340,'507 Smolensk Loop','','Sousse',492,'22971','80303246192','2014-09-25 22:33:21'),(341,'1920 Weifang Avenue','','Uttar Pradesh',427,'15643','869507847714','2014-09-25 22:31:25'),(342,'124 al-Manama Way','','Hiroshima',382,'52368','647899404952','2014-09-25 22:31:52'),(343,'1443 Mardan Street','','Western Cape',392,'31483','231383037471','2014-09-25 22:33:05'),(344,'1909 Benguela Lane','','Henan',581,'19913','624138001031','2014-09-25 22:30:47'),(345,'68 Ponce Parkway','','Hanoi',201,'85926','870635127812','2014-09-25 22:34:06'),(346,'1217 Konotop Avenue','','Gelderland',151,'504','718917251754','2014-09-25 22:32:20'),(347,'1293 Nam Dinh Way','','Roraima',84,'71583','697656479977','2014-09-25 22:30:17'),(348,'785 Vaduz Street','','Baja California',335,'36170','895616862749','2014-09-25 22:32:10'),(349,'1516 Escobar Drive','','Tongatapu',370,'46069','64536069371','2014-09-25 22:33:20'),(350,'1628 Nagareyama Lane','','Central',453,'60079','20064292617','2014-09-25 22:32:32'),(351,'1157 Nyeri Loop','','Adygea',320,'56380','262744791493','2014-09-25 22:32:55'),(352,'1673 Tangail Drive','','Daugavpils',137,'26857','627924259271','2014-09-25 22:31:57'),(353,'381 Kabul Way','','Taipei',209,'87272','55477302294','2014-09-25 22:33:15'),(354,'953 Hodeida Street','','Southern Tagalog',221,'18841','53912826864','2014-09-25 22:32:37'),(355,'469 Nakhon Sawan Street','','Tuvassia',531,'58866','689199636560','2014-09-25 22:32:58'),(356,'1378 Beira Loop','','Krasnojarsk',597,'40792','840957664136','2014-09-25 22:32:58'),(357,'1641 Changhwa Place','','Nord-Ouest',52,'37636','256546485220','2014-09-25 22:30:25'),(358,'1698 Southport Loop','','Hidalgo',393,'49009','754358349853','2014-09-25 22:32:11'),(359,'519 Nyeri Manor','','So Paulo',461,'37650','764680915323','2014-09-25 22:30:21'),(360,'619 Hunuco Avenue','','Shimane',331,'81508','142596392389','2014-09-25 22:31:50'),(361,'45 Aparecida de Goinia Place','','Madhya Pradesh',464,'7431','650496654258','2014-09-25 22:31:26'),(362,'482 Kowloon and New Kowloon Manor','','Bratislava',90,'97056','738968474939','2014-09-25 22:33:02'),(363,'604 Bern Place','','Jharkhand',429,'5373','620719383725','2014-09-25 22:31:25'),(364,'1623 Kingstown Drive','','Buenos Aires',20,'91299','296394569728','2014-09-25 22:30:04'),(365,'1009 Zanzibar Lane','','Arecibo',32,'64875','102396298916','2014-09-25 22:32:45'),(366,'114 Jalib al-Shuyukh Manor','','Centre',585,'60440','845378657301','2014-09-25 22:30:25'),(367,'1163 London Parkway','','Par',66,'6066','675120358494','2014-09-25 22:30:16'),(368,'1658 Jastrzebie-Zdrj Loop','','Central',372,'96584','568367775448','2014-09-25 22:31:56'),(369,'817 Laredo Avenue','','Jalisco',188,'77449','151249681135','2014-09-25 22:32:06'),(370,'1565 Tangail Manor','','Okinawa',377,'45750','634445428822','2014-09-25 22:31:52'),(371,'1912 Emeishan Drive','','Balikesir',50,'33050','99883471275','2014-09-25 22:33:22'),(372,'230 Urawa Drive','','Andhra Pradesh',8,'2738','166898395731','2014-09-25 22:31:09'),(373,'1922 Miraj Way','','Esfahan',356,'13203','320471479776','2014-09-25 22:31:37'),(374,'433 Florencia Street','','Chihuahua',250,'91330','561729882725','2014-09-25 22:32:08'),(375,'1049 Matamoros Parkway','','Karnataka',191,'69640','960505250340','2014-09-25 22:31:16'),(376,'1061 Ede Avenue','','Southern Tagalog',98,'57810','333390595558','2014-09-25 22:32:35'),(377,'154 Oshawa Manor','','East Java',415,'72771','440365973660','2014-09-25 22:31:34'),(378,'1191 Tandil Drive','','Southern Tagalog',523,'6362','45554316010','2014-09-25 22:32:40'),(379,'1133 Rizhao Avenue','','Pernambuco',572,'2800','600264533987','2014-09-25 22:30:23'),(380,'1519 Santiago de los Caballeros Loop','','East Kasai',348,'22025','409315295763','2014-09-25 22:30:53'),(381,'1618 Olomouc Manor','','Kurgan',285,'26385','96846695220','2014-09-25 22:32:51'),(382,'220 Hidalgo Drive','','Kermanshah',265,'45298','342720754566','2014-09-25 22:31:37'),(383,'686 Donostia-San Sebastin Lane','','Guangdong',471,'97390','71857599858','2014-09-25 22:30:42'),(384,'97 Mogiljov Lane','','Gujarat',73,'89294','924815207181','2014-09-25 22:31:11'),(385,'1642 Charlotte Amalie Drive','','Slaskie',549,'75442','821476736117','2014-09-25 22:32:44'),(386,'1368 Maracabo Boulevard','','',493,'32716','934352415130','2014-09-25 22:30:03'),(387,'401 Sucre Boulevard','','New Hampshire',322,'25007','486395999608','2014-09-25 22:33:56'),(388,'368 Hunuco Boulevard','','Namibe',360,'17165','106439158941','2014-09-25 22:30:03'),(389,'500 Lincoln Parkway','','Jiangsu',210,'95509','550306965159','2014-09-25 22:30:35'),(390,'102 Chapra Drive','','Ibaragi',521,'14073','776031833752','2014-09-25 22:31:54'),(391,'1793 Meixian Place','','Hmelnytskyi',258,'33535','619966287415','2014-09-25 22:33:31'),(392,'514 Ife Way','','Shaba',315,'69973','900235712074','2014-09-25 22:30:53'),(393,'717 Changzhou Lane','','Southern Tagalog',104,'21615','426255288071','2014-09-25 22:32:36'),(394,'753 Ilorin Avenue','','Sichuan',157,'3656','464511145118','2014-09-25 22:30:32'),(395,'1337 Mit Ghamr Avenue','','Nakhon Sawan',358,'29810','175283210378','2014-09-25 22:33:19'),(396,'767 Pyongyang Drive','','Osaka',229,'83536','667736124769','2014-09-25 22:31:48'),(397,'614 Pak Kret Street','','Addis Abeba',6,'27796','47808359842','2014-09-25 22:30:59'),(398,'954 Lapu-Lapu Way','','Moskova',278,'8816','737229003916','2014-09-25 22:32:51'),(399,'331 Bydgoszcz Parkway','','Asturia',181,'966','537374465982','2014-09-25 22:33:09'),(400,'1152 Citrus Heights Manor','','al-Qadarif',15,'5239','765957414528','2014-09-25 22:33:11'),(401,'168 Cianjur Manor','','Saitama',228,'73824','679095087143','2014-09-25 22:31:48'),(402,'616 Hagonoy Avenue','','Krasnojarsk',39,'46043','604177838256','2014-09-25 22:32:47'),(403,'1190 0 Place','','Rio Grande do Sul',44,'10417','841876514789','2014-09-25 22:30:16'),(404,'734 Bchar Place','','Punjab',375,'30586','280578750435','2014-09-25 22:32:31'),(405,'530 Lausanne Lane','','Texas',135,'11067','775235029633','2014-09-25 22:33:49'),(406,'454 Patiala Lane','','Fukushima',276,'13496','794553031307','2014-09-25 22:31:49'),(407,'1346 Mysore Drive','','Bretagne',92,'61507','516647474029','2014-09-25 22:31:00'),(408,'990 Etawah Loop','','Tamil Nadu',564,'79940','206169448769','2014-09-25 22:31:29'),(409,'1266 Laredo Parkway','','Saitama',380,'7664','1483365694','2014-09-25 22:31:52'),(410,'88 Nagaon Manor','','Buenos Aires',524,'86868','779461480495','2014-09-25 22:30:07'),(411,'264 Bhimavaram Manor','','St Thomas',111,'54749','302526949177','2014-09-25 22:34:08'),(412,'1639 Saarbrcken Drive','','North West',437,'9827','328494873422','2014-09-25 22:33:05'),(413,'692 Amroha Drive','','Northern',230,'35575','359478883004','2014-09-25 22:33:10'),(414,'1936 Lapu-Lapu Parkway','','Bauchi & Gombe',141,'7122','653436985797','2014-09-25 22:32:23'),(415,'432 Garden Grove Street','','Ontario',430,'65630','615964523510','2014-09-25 22:30:28'),(416,'1445 Carmen Parkway','','West Java',117,'70809','598912394463','2014-09-25 22:31:30'),(417,'791 Salinas Street','','Punjab',208,'40509','129953030512','2014-09-25 22:31:17'),(418,'126 Acua Parkway','','West Bengali',71,'58888','480039662421','2014-09-25 22:31:11'),(419,'397 Sunnyvale Avenue','','Guanajuato',19,'55566','680851640676','2014-09-25 22:32:01'),(420,'992 Klerksdorp Loop','','Utrecht',23,'33711','855290087237','2014-09-25 22:32:19'),(421,'966 Arecibo Loop','','Sind',134,'94018','15273765306','2014-09-25 22:32:30'),(422,'289 Santo Andr Manor','','al-Sharqiya',16,'72410','214976066017','2014-09-25 22:32:59'),(423,'437 Chungho Drive','','Puerto Plata',450,'59489','491271355190','2014-09-25 22:30:55'),(424,'1948 Bayugan Parkway','','Bihar',264,'60622','987306329957','2014-09-25 22:31:19'),(425,'1866 al-Qatif Avenue','','California',155,'89420','546793516940','2014-09-25 22:33:50'),(426,'1661 Abha Drive','','Tamil Nadu',416,'14400','270456873752','2014-09-25 22:31:23'),(427,'1557 Cape Coral Parkway','','Hubei',293,'46875','368284120423','2014-09-25 22:30:38'),(428,'1727 Matamoros Place','','Sawhaj',465,'78813','129673677866','2014-09-25 22:30:57'),(429,'1269 Botosani Manor','','Guangdong',468,'47394','736517327853','2014-09-25 22:30:42'),(430,'355 Vitria de Santo Anto Way','','Oaxaca',452,'81758','548003849552','2014-09-25 22:32:13'),(431,'1596 Acua Parkway','','Jharkhand',418,'70425','157133457169','2014-09-25 22:31:24'),(432,'259 Ipoh Drive','','So Paulo',189,'64964','419009857119','2014-09-25 22:30:18'),(433,'1823 Hoshiarpur Lane','','Komi',510,'33191','307133768620','2014-09-25 22:32:57'),(434,'1404 Taguig Drive','','Okayama',547,'87212','572068624538','2014-09-25 22:31:54'),(435,'740 Udaipur Lane','','Nizni Novgorod',150,'33505','497288595103','2014-09-25 22:32:47'),(436,'287 Cuautla Boulevard','','Chuquisaca',501,'72736','82619513349','2014-09-25 22:30:14'),(437,'1766 Almirante Brown Street','','KwaZulu-Natal',364,'63104','617567598243','2014-09-25 22:33:04'),(438,'596 Huixquilucan Place','','Nampula',351,'65892','342709348083','2014-09-25 22:32:17'),(439,'1351 Aparecida de Goinia Parkway','','Northern Mindanao',391,'41775','959834530529','2014-09-25 22:32:38'),(440,'722 Bradford Lane','','Shandong',249,'90920','746251338300','2014-09-25 22:30:37'),(441,'983 Santa F Way','','British Colombia',565,'47472','145720452260','2014-09-25 22:30:28'),(442,'1245 Ibirit Way','','La Romana',290,'40926','331888642162','2014-09-25 22:30:54'),(443,'1836 Korla Parkway','','Copperbelt',272,'55405','689681677428','2014-09-25 22:34:11'),(444,'231 Kaliningrad Place','','Lombardia',70,'57833','575081026569','2014-09-25 22:31:42'),(445,'495 Bhimavaram Lane','','Maharashtra',144,'3','82088937724','2014-09-25 22:31:15'),(446,'1924 Shimonoseki Drive','','Batna',59,'52625','406784385440','2014-09-25 22:29:59'),(447,'105 Dzerzinsk Manor','','Inner Mongolia',540,'48570','240776414296','2014-09-25 22:30:44'),(448,'614 Denizli Parkway','','Rio Grande do Sul',486,'29444','876491807547','2014-09-25 22:30:22'),(449,'1289 Belm Boulevard','','Tartumaa',530,'88306','237368926031','2014-09-25 22:30:58'),(450,'203 Tambaram Street','','Buenos Aires',161,'73942','411549550611','2014-09-25 22:30:05'),(451,'1704 Tambaram Manor','','West Bengali',554,'2834','39463554936','2014-09-25 22:31:28'),(452,'207 Cuernavaca Loop','','Tatarstan',352,'52671','782900030287','2014-09-25 22:32:55'),(453,'319 Springs Loop','','Baijeri',160,'99552','72524459905','2014-09-25 22:31:05'),(454,'956 Nam Dinh Manor','','Kerman',481,'21872','474047727727','2014-09-25 22:31:39'),(455,'1947 Paarl Way','','Central Java',509,'23636','834061016202','2014-09-25 22:31:35'),(456,'814 Simferopol Loop','','Sinaloa',154,'48745','524567129902','2014-09-25 22:32:05'),(457,'535 Ahmadnagar Manor','','Abu Dhabi',3,'41136','985109775584','2014-09-25 22:33:34'),(458,'138 Caracas Boulevard','','Zulia',326,'16790','974433019532','2014-09-25 22:34:04'),(459,'251 Florencia Drive','','Michoacn de Ocampo',556,'16119','118011831565','2014-09-25 22:32:13'),(460,'659 Gatineau Boulevard','','La Paz',153,'28587','205524798287','2014-09-25 22:30:13'),(461,'1889 Valparai Way','','Ziguinchor',600,'75559','670370974122','2014-09-25 22:33:01'),(462,'1485 Bratislava Place','','Illinois',435,'83183','924663855568','2014-09-25 22:33:59'),(463,'935 Aden Boulevard','','Central Java',532,'64709','335052544020','2014-09-25 22:31:35'),(464,'76 Kermanshah Manor','','Esfahan',423,'23343','762361821578','2014-09-25 22:31:37'),(465,'734 Tanshui Avenue','','Caquet',170,'70664','366776723320','2014-09-25 22:30:52'),(466,'118 Jaffna Loop','','Northern Mindanao',182,'10447','325526730021','2014-09-25 22:32:36'),(467,'1621 Tongliao Avenue','','Irkutsk',558,'22173','209342540247','2014-09-25 22:32:58'),(468,'1844 Usak Avenue','','Nova Scotia',196,'84461','164414772677','2014-09-25 22:30:27'),(469,'1872 Toulon Loop','','OHiggins',428,'7939','928809465153','2014-09-25 22:30:30'),(470,'1088 Ibirit Place','','Jalisco',595,'88502','49084281333','2014-09-25 22:32:15'),(471,'1322 Mosul Parkway','','Shandong',145,'95400','268053970382','2014-09-25 22:30:32'),(472,'1447 Chatsworth Place','','Chihuahua',129,'41545','769370126331','2014-09-25 22:32:04'),(473,'1257 Guadalajara Street','','Karnataka',78,'33599','195337700615','2014-09-25 22:31:14'),(474,'1469 Plock Lane','','Galicia',388,'95835','622884741180','2014-09-25 22:33:09'),(475,'434 Ourense (Orense) Manor','','Hodeida',206,'14122','562370137426','2014-09-25 22:34:10'),(476,'270 Tambaram Parkway','','Gauteng',244,'9668','248446668735','2014-09-25 22:33:03'),(477,'1786 Salinas Place','','Nam Ha',359,'66546','206060652238','2014-09-25 22:34:07'),(478,'1078 Stara Zagora Drive','','Aceh',301,'69221','932992626595','2014-09-25 22:31:33'),(479,'1854 Okara Boulevard','','Drenthe',158,'42123','131912793873','2014-09-25 22:32:21'),(480,'421 Yaound Street','','Sumy',385,'11363','726875628268','2014-09-25 22:33:33'),(481,'1153 Allende Way','','Qubec',179,'20336','856872225376','2014-09-25 22:30:26'),(482,'808 Naala-Porto Parkway','','England',500,'41060','553452430707','2014-09-25 22:33:41'),(483,'632 Usolje-Sibirskoje Parkway','','Ha Darom',36,'73085','667648979883','2014-09-25 22:31:41'),(484,'98 Pyongyang Boulevard','','Ohio',11,'88749','191958435142','2014-09-25 22:33:42'),(485,'984 Novoterkassk Loop','','Gaziantep',180,'28165','435118527255','2014-09-25 22:33:25'),(486,'64 Korla Street','','Mwanza',347,'25145','510383179153','2014-09-25 22:33:17'),(487,'1785 So Bernardo do Campo Street','','Veracruz',125,'71182','684529463244','2014-09-25 22:32:04'),(488,'698 Jelets Boulevard','','Denizli',142,'2596','975185523021','2014-09-25 22:33:24'),(489,'1297 Alvorada Parkway','','Ningxia',587,'11839','508348602835','2014-09-25 22:30:49'),(490,'1909 Dayton Avenue','','Guangdong',469,'88513','702955450528','2014-09-25 22:30:42'),(491,'1789 Saint-Denis Parkway','','Coahuila de Zaragoza',4,'8268','936806643983','2014-09-25 22:32:01'),(492,'185 Mannheim Lane','','Stavropol',408,'23661','589377568313','2014-09-25 22:32:56'),(493,'184 Mandaluyong Street','','Baja California Sur',288,'94239','488425406814','2014-09-25 22:32:09'),(494,'591 Sungai Petani Drive','','Okayama',376,'46400','37247325001','2014-09-25 22:31:51'),(495,'656 Matamoros Drive','','Boyac',487,'19489','17305839123','2014-09-25 22:30:53'),(496,'775 ostka Drive','','al-Daqahliya',337,'22358','171973024401','2014-09-25 22:30:57'),(497,'1013 Tabuk Boulevard','','West Bengali',261,'96203','158399646978','2014-09-25 22:31:19'),(498,'319 Plock Parkway','','Istanbul',504,'26101','854259976812','2014-09-25 22:33:28'),(499,'1954 Kowloon and New Kowloon Way','','Chimborazo',434,'63667','898559280434','2014-09-25 22:30:56'),(500,'362 Rajkot Lane','','Gansu',47,'98030','962020153680','2014-09-25 22:30:31'),(501,'1060 Tandil Lane','','Shandong',432,'72349','211256301880','2014-09-25 22:30:41'),(502,'1515 Korla Way','','England',589,'57197','959467760895','2014-09-25 22:33:42'),(503,'1416 San Juan Bautista Tuxtepec Avenue','','Zufar',444,'50592','144206758053','2014-09-25 22:32:29'),(504,'1 Valle de Santiago Avenue','','Apulia',93,'86208','465897838272','2014-09-25 22:31:43'),(505,'519 Brescia Parkway','','East Java',318,'69504','793996678771','2014-09-25 22:31:33'),(506,'414 Mandaluyong Street','','Lubelskie',314,'16370','52709222667','2014-09-25 22:32:43'),(507,'1197 Sokoto Boulevard','','West Bengali',478,'87687','868602816371','2014-09-25 22:31:27'),(508,'496 Celaya Drive','','Nagano',552,'90797','759586584889','2014-09-25 22:31:54'),(509,'786 Matsue Way','','Illinois',245,'37469','111177206479','2014-09-25 22:33:54'),(510,'48 Maracabo Place','','Central Luzon',519,'1570','82671830126','2014-09-25 22:32:39'),(511,'1152 al-Qatif Lane','','Kalimantan Barat',412,'44816','131370665218','2014-09-25 22:31:34'),(512,'1269 Ipoh Avenue','','Eskisehir',163,'54674','402630109080','2014-09-25 22:33:24'),(513,'758 Korolev Parkway','','Andhra Pradesh',568,'75474','441628280920','2014-09-25 22:31:29'),(514,'1747 Rustenburg Place','','Bihar',110,'51369','442673923363','2014-09-25 22:31:14'),(515,'886 Tonghae Place','','Volgograd',259,'19450','711928348157','2014-09-25 22:32:50'),(516,'1574 Goinia Boulevard','','Heilongjiang',502,'39529','59634255214','2014-09-25 22:30:43'),(517,'548 Uruapan Street','','Ontario',312,'35653','879347453467','2014-09-25 22:33:38'),(519,'962 Tama Loop','','',583,'65952','282667506728','2014-09-25 22:32:19'),(520,'1778 Gijn Manor','','Hubei',594,'35156','288910576761','2014-09-25 22:30:50'),(521,'568 Dhule (Dhulia) Loop','','Coquimbo',127,'92568','602101369463','2014-09-25 22:30:30'),(522,'1768 Udine Loop','','Battambang',60,'32347','448876499197','2014-09-25 22:30:24'),(523,'608 Birgunj Parkway','','Taipei',116,'400','627425618482','2014-09-25 22:33:14'),(524,'680 A Corua (La Corua) Manor','','Sivas',482,'49806','158326114853','2014-09-25 22:33:28'),(525,'1949 Sanya Street','','Gumma',224,'61244','132100972047','2014-09-25 22:31:47'),(526,'617 Klerksdorp Place','','Khanh Hoa',366,'94707','574973479129','2014-09-25 22:34:07'),(527,'1993 0 Loop','','Liaoning',588,'41214','25865528181','2014-09-25 22:30:49'),(528,'1176 Southend-on-Sea Manor','','Southern Tagalog',458,'81651','236679267178','2014-09-25 22:32:39'),(529,'600 Purnea (Purnia) Avenue','','Nghe An',571,'18043','638409958875','2014-09-25 22:34:07'),(530,'1003 Qinhuangdao Street','','West Java',419,'25972','35533115997','2014-09-25 22:31:35'),(531,'1986 Sivas Place','','Friuli-Venezia Giuli',551,'95775','182059202712','2014-09-25 22:31:44'),(532,'1427 Tabuk Place','','Florida',101,'31342','214756839122','2014-09-25 22:33:47'),(533,'556 Asuncin Way','','Mogiljov',339,'35364','338244023543','2014-09-25 22:30:13'),(534,'486 Ondo Parkway','','Benguela',67,'35202','105882218332','2014-09-25 22:30:02'),(535,'635 Brest Manor','','Andhra Pradesh',75,'40899','80593242951','2014-09-25 22:31:13'),(536,'166 Jinchang Street','','Buenos Aires',165,'86760','717566026669','2014-09-25 22:30:05'),(537,'958 Sagamihara Lane','','Mie',287,'88408','427274926505','2014-09-25 22:31:50'),(538,'1817 Livorno Way','','Khanh Hoa',100,'79401','478380208348','2014-09-25 22:34:05'),(539,'1332 Gaziantep Lane','','Shandong',80,'22813','383353187467','2014-09-25 22:30:31'),(540,'949 Allende Lane','','Uttar Pradesh',24,'67521','122981120653','2014-09-25 22:31:11'),(541,'195 Ilorin Street','','Chari-Baguirmi',363,'49250','8912935608','2014-09-25 22:30:29'),(542,'193 Bhusawal Place','','Kang-won',539,'9750','745267607502','2014-09-25 22:33:07'),(543,'43 Vilnius Manor','','Colorado',42,'79814','484500282381','2014-09-25 22:33:44'),(544,'183 Haiphong Street','','Jilin',46,'69953','488600270038','2014-09-25 22:30:30'),(545,'163 Augusta-Richmond County Loop','','Carabobo',561,'33030','754579047924','2014-09-25 22:34:05'),(546,'191 Jos Azueta Parkway','','Ruse',436,'13629','932156667696','2014-09-25 22:30:23'),(547,'379 Lublin Parkway','','Toscana',309,'74568','921960450089','2014-09-25 22:31:44'),(548,'1658 Cuman Loop','','Sumatera Selatan',396,'51309','784907335610','2014-09-25 22:31:34'),(549,'454 Qinhuangdao Drive','','Tadla-Azilal',68,'25866','786270036240','2014-09-25 22:32:16'),(550,'1715 Okayama Street','','So Paulo',485,'55676','169352919175','2014-09-25 22:30:22'),(551,'182 Nukualofa Drive','','Sumy',275,'15414','426346224043','2014-09-25 22:33:32'),(552,'390 Wroclaw Way','','Hainan',462,'5753','357593328658','2014-09-25 22:30:41'),(553,'1421 Quilmes Lane','','Ishikawa',260,'19151','135407755975','2014-09-25 22:31:49'),(554,'947 Trshavn Place','','Central Luzon',528,'841','50898428626','2014-09-25 22:32:40'),(555,'1764 Jalib al-Shuyukh Parkway','','Galicia',459,'77642','84794532510','2014-09-25 22:33:10'),(556,'346 Cam Ranh Avenue','','Zhejiang',599,'39976','978430786151','2014-09-25 22:30:51'),(557,'1407 Pachuca de Soto Place','','Rio Grande do Sul',21,'26284','380077794770','2014-09-25 22:30:14'),(558,'904 Clarksville Drive','','Zhejiang',193,'52234','955349440539','2014-09-25 22:30:34'),(559,'1917 Kumbakonam Parkway','','Vojvodina',368,'11892','698182547686','2014-09-25 22:34:11'),(560,'1447 Imus Place','','Gujarat',426,'12905','62127829280','2014-09-25 22:31:25'),(561,'1497 Fengshan Drive','','KwaZulu-Natal',112,'63022','368738360376','2014-09-25 22:33:03'),(562,'869 Shikarpur Way','','England',496,'57380','590764256785','2014-09-25 22:33:40'),(563,'1059 Yuncheng Avenue','','Vilna',570,'47498','107092893983','2014-09-25 22:31:58'),(564,'505 Madiun Boulevard','','Dolnoslaskie',577,'97271','970638808606','2014-09-25 22:32:44'),(565,'1741 Hoshiarpur Boulevard','','al-Sharqiya',79,'22372','855066328617','2014-09-25 22:30:56'),(566,'1229 Varanasi (Benares) Manor','','Buenos Aires',43,'40195','817740355461','2014-09-25 22:30:04'),(567,'1894 Boa Vista Way','','Texas',178,'77464','239357986667','2014-09-25 22:33:51'),(568,'1342 Sharja Way','','Sokoto & Kebbi & Zam',488,'93655','946114054231','2014-09-25 22:32:27'),(569,'1342 Abha Boulevard','','Bukarest',95,'10714','997453607116','2014-09-25 22:32:46'),(570,'415 Pune Avenue','','Shandong',580,'44274','203202500108','2014-09-25 22:30:47'),(571,'1746 Faaa Way','','Huanuco',214,'32515','863080561151','2014-09-25 22:32:33'),(572,'539 Hami Way','','Tokat',538,'52196','525518075499','2014-09-25 22:33:29'),(573,'1407 Surakarta Manor','','Moskova',466,'33224','324346485054','2014-09-25 22:32:56'),(574,'502 Mandi Bahauddin Parkway','','Anzotegui',55,'15992','618156722572','2014-09-25 22:34:03'),(575,'1052 Pathankot Avenue','','Sichuan',299,'77397','128499386727','2014-09-25 22:30:39'),(576,'1351 Sousse Lane','','Coahuila de Zaragoza',341,'37815','203804046132','2014-09-25 22:32:10'),(577,'1501 Pangkal Pinang Avenue','','Mazowieckie',409,'943','770864062795','2014-09-25 22:32:43'),(578,'1405 Hagonoy Avenue','','Slaskie',133,'86587','867287719310','2014-09-25 22:32:42'),(579,'521 San Juan Bautista Tuxtepec Place','','Qaraghandy',598,'95093','844018348565','2014-09-25 22:31:56'),(580,'923 Tangail Boulevard','','Tokyo-to',10,'33384','315528269898','2014-09-25 22:31:45'),(581,'186 Skikda Lane','','Morelos',131,'89422','14465669789','2014-09-25 22:32:05'),(582,'1568 Celaya Parkway','','Kaohsiung',168,'34750','278669994384','2014-09-25 22:33:15'),(583,'1489 Kakamigahara Lane','','Taipei',526,'98883','29341849811','2014-09-25 22:33:16'),(584,'1819 Alessandria Loop','','Campeche',103,'53829','377633994405','2014-09-25 22:32:02'),(585,'1208 Tama Loop','','Ninawa',344,'73605','954786054144','2014-09-25 22:31:40'),(586,'951 Springs Lane','','Central Mindanao',219,'96115','165164761435','2014-09-25 22:32:37'),(587,'760 Miyakonojo Drive','','Guerrero',246,'64682','294449058179','2014-09-25 22:32:08'),(588,'966 Asuncin Way','','Hidalgo',212,'62703','995527378381','2014-09-25 22:32:07'),(589,'1584 Ljubertsy Lane','','England',494,'22954','285710089439','2014-09-25 22:33:38'),(590,'247 Jining Parkway','','Banjul',54,'53446','170115379190','2014-09-25 22:31:04'),(591,'773 Dallas Manor','','Buenos Aires',424,'12664','914466027044','2014-09-25 22:30:06'),(592,'1923 Stara Zagora Lane','','Nantou',546,'95179','182178609211','2014-09-25 22:33:17'),(593,'1402 Zanzibar Boulevard','','Guanajuato',106,'71102','387448063440','2014-09-25 22:32:03'),(594,'1464 Kursk Parkway','','Shandong',574,'17381','338758048786','2014-09-25 22:30:44'),(595,'1074 Sanaa Parkway','','Loja',311,'22474','154124128457','2014-09-25 22:30:55'),(596,'1759 Niznekamsk Avenue','','al-Manama',14,'39414','864392582257','2014-09-25 22:30:11'),(597,'32 Liaocheng Way','','Minas Gerais',248,'1944','410877354933','2014-09-25 22:30:19'),(598,'42 Fontana Avenue','','Fejr',512,'14684','437829801725','2014-09-25 22:31:09'),(599,'1895 Zhezqazghan Drive','','California',177,'36693','137809746111','2014-09-25 22:33:51'),(600,'1837 Kaduna Parkway','','Inner Mongolia',241,'82580','640843562301','2014-09-25 22:30:37'),(601,'844 Bucuresti Place','','Liaoning',242,'36603','935952366111','2014-09-25 22:30:37'),(602,'1101 Bucuresti Boulevard','','West Greece',401,'97661','199514580428','2014-09-25 22:31:07'),(603,'1103 Quilmes Boulevard','','Piura',503,'52137','644021380889','2014-09-25 22:32:34'),(604,'1331 Usak Boulevard','','Vaud',296,'61960','145308717464','2014-09-25 22:33:14'),(605,'1325 Fukuyama Street','','Heilongjiang',537,'27107','288241215394','2014-09-25 22:30:44');
UNLOCK TABLES;

-- Data sets
DROP TABLE IF EXISTS `result_sets`; 
CREATE TABLE result_sets (
    id INT PRIMARY key AUTO_INCREMENT,
    text_field TEXT,
    int_field INT
);

INSERT INTO result_sets VALUES(
  1, 
  'small text', 
  15
  );

DROP TABLE IF EXISTS `all_data_types_ints`;
  CREATE TABLE `all_data_types_ints` (
    `id` int NOT NULL AUTO_INCREMENT,
    `test_smallint` smallint DEFAULT NULL,
    `test_mediumint` mediumint DEFAULT NULL,
    `test_integer` int DEFAULT NULL,
    `test_bigint` bigint DEFAULT '8888',
    `test_decimal` decimal(10,5) DEFAULT NULL,
    `test_float` float DEFAULT NULL,
    `test_double` double(10,5) DEFAULT NULL,
    `test_boolean` tinyint(1) DEFAULT NULL,
    PRIMARY KEY (`id`)
  ) ENGINE=InnoDB AUTO_INCREMENT=4 DEFAULT CHARSET=utf8mb4 COLLATE=utf8mb4_0900_ai_ci;

  DROP TABLE IF EXISTS `all_data_types_dates`;
  CREATE TABLE `all_data_types_dates` (
    `id` int NOT NULL AUTO_INCREMENT,
    `test_date` date DEFAULT NULL,
    `test_datetime` datetime DEFAULT NULL,
    `test_timestamp` timestamp NULL DEFAULT NULL,
    `test_time` time DEFAULT NULL,
    `test_year` year DEFAULT '2024',
    PRIMARY KEY (`id`)
  ) ENGINE=InnoDB AUTO_INCREMENT=4 DEFAULT CHARSET=utf8mb4 COLLATE=utf8mb4_0900_ai_ci;

  DROP TABLE IF EXISTS `all_data_types_chars`;
  CREATE TABLE `all_data_types_chars` (
    `id` int NOT NULL AUTO_INCREMENT,
    `test_char` char(255) DEFAULT NULL,
    `test_varchar` varchar(255) DEFAULT NULL,
    `test_tinytext` tinytext,
    `test_text` text,
    `test_mediumtext` mediumtext,
    `test_longtext` longtext,
    `test_enum` enum('value1_dummy_dummy_dummy','value2_dummy_dummy_dummy','value3_dummy_dummy_dummy','value4_dummy_dummy_dummy') DEFAULT NULL,
    `test_set` set('value1_dummy_dummy_dummy','value2_dummy_dummy_dummy','value3_dummy_dummy_dummy','value4_dummy_dummy_dummy') DEFAULT NULL,
    `test_json` json DEFAULT NULL,
    PRIMARY KEY (`id`)
  ) ENGINE=InnoDB AUTO_INCREMENT=4 DEFAULT CHARSET=utf8mb4 COLLATE=utf8mb4_0900_ai_ci;

  DROP TABLE IF EXISTS `all_data_types_blobs`;
  CREATE TABLE `all_data_types_blobs` (
    `id` int NOT NULL AUTO_INCREMENT,
    `test_tinyblob` tinyblob,
    `test_blob` blob,
    `test_mediumblob` mediumblob,
    `test_longblob` longblob,
    `test_binary` binary(50) DEFAULT NULL,
    `test_varbinary` varbinary(50) DEFAULT NULL,
    PRIMARY KEY (`id`)
  ) ENGINE=InnoDB AUTO_INCREMENT=4 DEFAULT CHARSET=utf8mb4 COLLATE=utf8mb4_0900_ai_ci;

  DROP TABLE IF EXISTS `all_data_types_geometries`;
  CREATE TABLE `all_data_types_geometries` (
    `id` int NOT NULL AUTO_INCREMENT,
    `test_bit` bit(15) DEFAULT NULL,
    `test_point` geometry DEFAULT NULL,
    `test_linestring` linestring DEFAULT NULL,
    `test_polygon` polygon DEFAULT NULL,
    `test_multipoint` multipoint DEFAULT NULL,
    `test_multilinestring` multilinestring DEFAULT NULL,
    `test_multipolygon` multipolygon DEFAULT NULL,
    `test_geometrycollection` geomcollection DEFAULT NULL,
    PRIMARY KEY (`id`)
  ) ENGINE=InnoDB AUTO_INCREMENT=4 DEFAULT CHARSET=utf8mb4 COLLATE=utf8mb4_0900_ai_ci;

INSERT INTO all_data_types_ints VALUES(
1, -- id
32767, -- test_smallint
8388607, -- mediumint
2147483647, -- int 
4294967295, -- big int 
1123.5324324, -- decimal
2123.543123123, -- float
7123.561233123, -- double
true -- test_boolean
);

INSERT INTO all_data_types_dates VALUES(
1, -- id
"2023-01-01", -- date 
"2023-01-01 00:02:00", -- date time
"2023-01-01 00:02:00", -- timestamp
"00:02:00", -- time
"2023" -- year
);

INSERT INTO all_data_types_chars VALUES(
1, -- id
"test_char_dummy_dummy", -- char
"test_varchar_dummy_dummy", -- varchar 
"test_tiny_dummy_dummy", -- tinytext
"test_text_dummy_dummy", -- text
"test_medium_dummy_dummy", -- medium text
"test_long_dummy_dummy", -- long text
"value1_dummy_dummy_dummy", -- enum
"value1_dummy_dummy_dummy", -- set 
'{"field_1": "1", 
"field_2": "2", 
"field_3": "3", 
"field_4": "4", 
"field_5": "5"}' -- json
);

INSERT INTO all_data_types_chars VALUES(
2, -- id
"test_char", -- char
"test_varchar", -- varchar 
"tiny", -- tinytext
"test_text", -- text
"test_medium", -- medium text
"test_long", -- long text
"value1_dummy_dummy_dummy", -- enum
"value1_dummy_dummy_dummy", -- set 
'{"test": "1"}' -- json
);

INSERT INTO all_data_types_blobs VALUES(
1, -- id
0xa1b8de72d02badac81b9f7deac, -- tiny blob
0xa1b8de72d02badac81b9f7deac, -- blob
0xa1b8de72d02badac81b9f7deac, -- mediumblob
0xa1b8de72d02badac81b9f7deac, -- long blob
0x6173646667, -- binary 
0x6173646667 -- var binary 
);

INSERT INTO all_data_types_geometries VALUES(
1, -- id
b'11111011111111', -- bit
ST_GeomFromText('POINT(1 1)'), -- geometry
ST_LineStringFromText('LINESTRING(0 0,1 1,2 2)'), -- linestring
ST_GeomFromText('POLYGON((0 0,10 0,10 10,0 10,0 0),(5 5,7 5,7 7,5 7, 5 5))'), -- polygon
ST_GeomFromText('MULTIPOINT(0 0, 20 20, 60 60)'), -- multipoint
ST_GeomFromText('MultiLineString((1 1,2 2,3 3),(4 4,5 5))'), -- multilinestring
ST_GeomFromText('MULTIPOLYGON(((0 0,10 0,10 10,0 10,0 0)),((5 5,7 5,7 7,5 7, 5 5)))'), -- multipolygon
ST_GeomFromText('GEOMETRYCOLLECTION(POINT(1 1),LINESTRING(0 0,1 1,2 2,3 3,4 4))') -- geomcollection
);

CREATE SCHEMA `schema_to_drop`;
CREATE TABLE `table_to_drop` (id int,name VARCHAR(50));
CREATE VIEW `test_view` as select * from actor;

-- Event 
CREATE EVENT test_event
    ON SCHEDULE AT CURRENT_TIMESTAMP + INTERVAL 1 HOUR
    DO
      select 1;

-- Procedure
DELIMITER $$ 
CREATE DEFINER=`root`@`localhost` 
PROCEDURE `test_procedure`() 
BEGIN 
	select * from sakila.actor; 
END$$ 
DELIMITER ;

-- Function
CREATE FUNCTION IF NOT EXISTS test_function(arg1 INT, arg2 INT) 
RETURNS INT DETERMINISTIC LANGUAGE JAVASCRIPT 
AS 
$$
let x = Math.pow(arg1, arg2)
return x
$$; 
